respondent_id,segment,profile,binder,sauce,lettuce,bun,price,rating
1,native,1,Mayo,Light,No,Regular,18,5
1,native,2,Butter,Light,No,Split,18,5
1,native,3,Mayo,Heavy,No,Split,18,6
1,native,4,Butter,Heavy,No,Regular,24,4
1,native,5,Mayo,Light,Yes,Split,24,5
1,native,6,Butter,Light,Yes,Regular,24,3
1,native,7,Mayo,Heavy,Yes,Regular,30,2
1,native,8,Butter,Heavy,Yes,Split,30,4
1,native,9,Mayo,Light,No,Split,30,7
1,native,10,Butter,Light,Yes,Regular,18,2
1,native,11,Mayo,Heavy,No,Regular,24,5
1,native,12,Butter,Heavy,Yes,Split,30,3
2,native,1,Mayo,Light,No,Regular,18,6
2,native,2,Butter,Light,No,Split,18,7
2,native,3,Mayo,Heavy,No,Split,18,7
2,native,4,Butter,Heavy,No,Regular,24,4
2,native,5,Mayo,Light,Yes,Split,24,7
2,native,6,Butter,Light,Yes,Regular,24,6
2,native,7,Mayo,Heavy,Yes,Regular,30,4
2,native,8,Butter,Heavy,Yes,Split,30,4
2,native,9,Mayo,Light,No,Split,30,9
2,native,10,Butter,Light,Yes,Regular,18,6
2,native,11,Mayo,Heavy,No,Regular,24,8
2,native,12,Butter,Heavy,Yes,Split,30,5
3,native,1,Mayo,Light,No,Regular,18,5
3,native,2,Butter,Light,No,Split,18,6
3,native,3,Mayo,Heavy,No,Split,18,5
3,native,4,Butter,Heavy,No,Regular,24,2
3,native,5,Mayo,Light,Yes,Split,24,5
3,native,6,Butter,Light,Yes,Regular,24,3
3,native,7,Mayo,Heavy,Yes,Regular,30,3
3,native,8,Butter,Heavy,Yes,Split,30,2
3,native,9,Mayo,Light,No,Split,30,8
3,native,10,Butter,Light,Yes,Regular,18,3
3,native,11,Mayo,Heavy,No,Regular,24,5
3,native,12,Butter,Heavy,Yes,Split,30,5
4,native,1,Mayo,Light,No,Regular,18,6
4,native,2,Butter,Light,No,Split,18,7
4,native,3,Mayo,Heavy,No,Split,18,6
4,native,4,Butter,Heavy,No,Regular,24,3
4,native,5,Mayo,Light,Yes,Split,24,4
4,native,6,Butter,Light,Yes,Regular,24,2
4,native,7,Mayo,Heavy,Yes,Regular,30,1
4,native,8,Butter,Heavy,Yes,Split,30,1
4,native,9,Mayo,Light,No,Split,30,5
4,native,10,Butter,Light,Yes,Regular,18,2
4,native,11,Mayo,Heavy,No,Regular,24,4
4,native,12,Butter,Heavy,Yes,Split,30,1
5,native,1,Mayo,Light,No,Regular,18,6
5,native,2,Butter,Light,No,Split,18,7
5,native,3,Mayo,Heavy,No,Split,18,7
5,native,4,Butter,Heavy,No,Regular,24,4
5,native,5,Mayo,Light,Yes,Split,24,5
5,native,6,Butter,Light,Yes,Regular,24,3
5,native,7,Mayo,Heavy,Yes,Regular,30,3
5,native,8,Butter,Heavy,Yes,Split,30,3
5,native,9,Mayo,Light,No,Split,30,5
5,native,10,Butter,Light,Yes,Regular,18,3
5,native,11,Mayo,Heavy,No,Regular,24,6
5,native,12,Butter,Heavy,Yes,Split,30,3
6,native,1,Mayo,Light,No,Regular,18,4
6,native,2,Butter,Light,No,Split,18,7
6,native,3,Mayo,Heavy,No,Split,18,6
6,native,4,Butter,Heavy,No,Regular,24,4
6,native,5,Mayo,Light,Yes,Split,24,5
6,native,6,Butter,Light,Yes,Regular,24,2
6,native,7,Mayo,Heavy,Yes,Regular,30,4
6,native,8,Butter,Heavy,Yes,Split,30,4
6,native,9,Mayo,Light,No,Split,30,9
6,native,10,Butter,Light,Yes,Regular,18,4
6,native,11,Mayo,Heavy,No,Regular,24,5
6,native,12,Butter,Heavy,Yes,Split,30,5
7,native,1,Mayo,Light,No,Regular,18,6
7,native,2,Butter,Light,No,Split,18,7
7,native,3,Mayo,Heavy,No,Split,18,7
7,native,4,Butter,Heavy,No,Regular,24,4
7,native,5,Mayo,Light,Yes,Split,24,5
7,native,6,Butter,Light,Yes,Regular,24,3
7,native,7,Mayo,Heavy,Yes,Regular,30,1
7,native,8,Butter,Heavy,Yes,Split,30,4
7,native,9,Mayo,Light,No,Split,30,5
7,native,10,Butter,Light,Yes,Regular,18,3
7,native,11,Mayo,Heavy,No,Regular,24,4
7,native,12,Butter,Heavy,Yes,Split,30,3
8,native,1,Mayo,Light,No,Regular,18,4
8,native,2,Butter,Light,No,Split,18,4
8,native,3,Mayo,Heavy,No,Split,18,7
8,native,4,Butter,Heavy,No,Regular,24,4
8,native,5,Mayo,Light,Yes,Split,24,5
8,native,6,Butter,Light,Yes,Regular,24,3
8,native,7,Mayo,Heavy,Yes,Regular,30,4
8,native,8,Butter,Heavy,Yes,Split,30,4
8,native,9,Mayo,Light,No,Split,30,4
8,native,10,Butter,Light,Yes,Regular,18,3
8,native,11,Mayo,Heavy,No,Regular,24,5
8,native,12,Butter,Heavy,Yes,Split,30,5
9,native,1,Mayo,Light,No,Regular,18,8
9,native,2,Butter,Light,No,Split,18,5
9,native,3,Mayo,Heavy,No,Split,18,6
9,native,4,Butter,Heavy,No,Regular,24,3
9,native,5,Mayo,Light,Yes,Split,24,6
9,native,6,Butter,Light,Yes,Regular,24,4
9,native,7,Mayo,Heavy,Yes,Regular,30,3
9,native,8,Butter,Heavy,Yes,Split,30,5
9,native,9,Mayo,Light,No,Split,30,5
9,native,10,Butter,Light,Yes,Regular,18,5
9,native,11,Mayo,Heavy,No,Regular,24,4
9,native,12,Butter,Heavy,Yes,Split,30,5
10,native,1,Mayo,Light,No,Regular,18,4
10,native,2,Butter,Light,No,Split,18,6
10,native,3,Mayo,Heavy,No,Split,18,4
10,native,4,Butter,Heavy,No,Regular,24,3
10,native,5,Mayo,Light,Yes,Split,24,4
10,native,6,Butter,Light,Yes,Regular,24,2
10,native,7,Mayo,Heavy,Yes,Regular,30,3
10,native,8,Butter,Heavy,Yes,Split,30,4
10,native,9,Mayo,Light,No,Split,30,6
10,native,10,Butter,Light,Yes,Regular,18,3
10,native,11,Mayo,Heavy,No,Regular,24,4
10,native,12,Butter,Heavy,Yes,Split,30,1
11,native,1,Mayo,Light,No,Regular,18,3
11,native,2,Butter,Light,No,Split,18,5
11,native,3,Mayo,Heavy,No,Split,18,7
11,native,4,Butter,Heavy,No,Regular,24,2
11,native,5,Mayo,Light,Yes,Split,24,5
11,native,6,Butter,Light,Yes,Regular,24,1
11,native,7,Mayo,Heavy,Yes,Regular,30,2
11,native,8,Butter,Heavy,Yes,Split,30,3
11,native,9,Mayo,Light,No,Split,30,6
11,native,10,Butter,Light,Yes,Regular,18,3
11,native,11,Mayo,Heavy,No,Regular,24,3
11,native,12,Butter,Heavy,Yes,Split,30,2
12,native,1,Mayo,Light,No,Regular,18,7
12,native,2,Butter,Light,No,Split,18,7
12,native,3,Mayo,Heavy,No,Split,18,8
12,native,4,Butter,Heavy,No,Regular,24,5
12,native,5,Mayo,Light,Yes,Split,24,4
12,native,6,Butter,Light,Yes,Regular,24,4
12,native,7,Mayo,Heavy,Yes,Regular,30,3
12,native,8,Butter,Heavy,Yes,Split,30,4
12,native,9,Mayo,Light,No,Split,30,7
12,native,10,Butter,Light,Yes,Regular,18,4
12,native,11,Mayo,Heavy,No,Regular,24,5
12,native,12,Butter,Heavy,Yes,Split,30,4
13,native,1,Mayo,Light,No,Regular,18,5
13,native,2,Butter,Light,No,Split,18,6
13,native,3,Mayo,Heavy,No,Split,18,5
13,native,4,Butter,Heavy,No,Regular,24,3
13,native,5,Mayo,Light,Yes,Split,24,5
13,native,6,Butter,Light,Yes,Regular,24,2
13,native,7,Mayo,Heavy,Yes,Regular,30,3
13,native,8,Butter,Heavy,Yes,Split,30,3
13,native,9,Mayo,Light,No,Split,30,6
13,native,10,Butter,Light,Yes,Regular,18,4
13,native,11,Mayo,Heavy,No,Regular,24,4
13,native,12,Butter,Heavy,Yes,Split,30,2
14,native,1,Mayo,Light,No,Regular,18,4
14,native,2,Butter,Light,No,Split,18,6
14,native,3,Mayo,Heavy,No,Split,18,6
14,native,4,Butter,Heavy,No,Regular,24,4
14,native,5,Mayo,Light,Yes,Split,24,3
14,native,6,Butter,Light,Yes,Regular,24,3
14,native,7,Mayo,Heavy,Yes,Regular,30,2
14,native,8,Butter,Heavy,Yes,Split,30,3
14,native,9,Mayo,Light,No,Split,30,5
14,native,10,Butter,Light,Yes,Regular,18,3
14,native,11,Mayo,Heavy,No,Regular,24,5
14,native,12,Butter,Heavy,Yes,Split,30,1
15,native,1,Mayo,Light,No,Regular,18,6
15,native,2,Butter,Light,No,Split,18,6
15,native,3,Mayo,Heavy,No,Split,18,5
15,native,4,Butter,Heavy,No,Regular,24,4
15,native,5,Mayo,Light,Yes,Split,24,4
15,native,6,Butter,Light,Yes,Regular,24,4
15,native,7,Mayo,Heavy,Yes,Regular,30,2
15,native,8,Butter,Heavy,Yes,Split,30,4
15,native,9,Mayo,Light,No,Split,30,6
15,native,10,Butter,Light,Yes,Regular,18,4
15,native,11,Mayo,Heavy,No,Regular,24,4
15,native,12,Butter,Heavy,Yes,Split,30,4
16,native,1,Mayo,Light,No,Regular,18,6
16,native,2,Butter,Light,No,Split,18,7
16,native,3,Mayo,Heavy,No,Split,18,9
16,native,4,Butter,Heavy,No,Regular,24,2
16,native,5,Mayo,Light,Yes,Split,24,4
16,native,6,Butter,Light,Yes,Regular,24,3
16,native,7,Mayo,Heavy,Yes,Regular,30,3
16,native,8,Butter,Heavy,Yes,Split,30,5
16,native,9,Mayo,Light,No,Split,30,6
16,native,10,Butter,Light,Yes,Regular,18,3
16,native,11,Mayo,Heavy,No,Regular,24,5
16,native,12,Butter,Heavy,Yes,Split,30,2
17,native,1,Mayo,Light,No,Regular,18,5
17,native,2,Butter,Light,No,Split,18,6
17,native,3,Mayo,Heavy,No,Split,18,6
17,native,4,Butter,Heavy,No,Regular,24,4
17,native,5,Mayo,Light,Yes,Split,24,6
17,native,6,Butter,Light,Yes,Regular,24,3
17,native,7,Mayo,Heavy,Yes,Regular,30,1
17,native,8,Butter,Heavy,Yes,Split,30,4
17,native,9,Mayo,Light,No,Split,30,5
17,native,10,Butter,Light,Yes,Regular,18,2
17,native,11,Mayo,Heavy,No,Regular,24,6
17,native,12,Butter,Heavy,Yes,Split,30,2
18,native,1,Mayo,Light,No,Regular,18,5
18,native,2,Butter,Light,No,Split,18,7
18,native,3,Mayo,Heavy,No,Split,18,7
18,native,4,Butter,Heavy,No,Regular,24,3
18,native,5,Mayo,Light,Yes,Split,24,5
18,native,6,Butter,Light,Yes,Regular,24,4
18,native,7,Mayo,Heavy,Yes,Regular,30,2
18,native,8,Butter,Heavy,Yes,Split,30,4
18,native,9,Mayo,Light,No,Split,30,5
18,native,10,Butter,Light,Yes,Regular,18,5
18,native,11,Mayo,Heavy,No,Regular,24,5
18,native,12,Butter,Heavy,Yes,Split,30,3
19,native,1,Mayo,Light,No,Regular,18,6
19,native,2,Butter,Light,No,Split,18,9
19,native,3,Mayo,Heavy,No,Split,18,8
19,native,4,Butter,Heavy,No,Regular,24,4
19,native,5,Mayo,Light,Yes,Split,24,6
19,native,6,Butter,Light,Yes,Regular,24,2
19,native,7,Mayo,Heavy,Yes,Regular,30,5
19,native,8,Butter,Heavy,Yes,Split,30,4
19,native,9,Mayo,Light,No,Split,30,7
19,native,10,Butter,Light,Yes,Regular,18,5
19,native,11,Mayo,Heavy,No,Regular,24,5
19,native,12,Butter,Heavy,Yes,Split,30,4
20,native,1,Mayo,Light,No,Regular,18,5
20,native,2,Butter,Light,No,Split,18,4
20,native,3,Mayo,Heavy,No,Split,18,6
20,native,4,Butter,Heavy,No,Regular,24,3
20,native,5,Mayo,Light,Yes,Split,24,4
20,native,6,Butter,Light,Yes,Regular,24,3
20,native,7,Mayo,Heavy,Yes,Regular,30,2
20,native,8,Butter,Heavy,Yes,Split,30,3
20,native,9,Mayo,Light,No,Split,30,6
20,native,10,Butter,Light,Yes,Regular,18,1
20,native,11,Mayo,Heavy,No,Regular,24,3
20,native,12,Butter,Heavy,Yes,Split,30,2
21,native,1,Mayo,Light,No,Regular,18,5
21,native,2,Butter,Light,No,Split,18,8
21,native,3,Mayo,Heavy,No,Split,18,8
21,native,4,Butter,Heavy,No,Regular,24,5
21,native,5,Mayo,Light,Yes,Split,24,5
21,native,6,Butter,Light,Yes,Regular,24,4
21,native,7,Mayo,Heavy,Yes,Regular,30,2
21,native,8,Butter,Heavy,Yes,Split,30,3
21,native,9,Mayo,Light,No,Split,30,6
21,native,10,Butter,Light,Yes,Regular,18,5
21,native,11,Mayo,Heavy,No,Regular,24,5
21,native,12,Butter,Heavy,Yes,Split,30,3
22,native,1,Mayo,Light,No,Regular,18,5
22,native,2,Butter,Light,No,Split,18,8
22,native,3,Mayo,Heavy,No,Split,18,5
22,native,4,Butter,Heavy,No,Regular,24,4
22,native,5,Mayo,Light,Yes,Split,24,4
22,native,6,Butter,Light,Yes,Regular,24,2
22,native,7,Mayo,Heavy,Yes,Regular,30,2
22,native,8,Butter,Heavy,Yes,Split,30,2
22,native,9,Mayo,Light,No,Split,30,5
22,native,10,Butter,Light,Yes,Regular,18,4
22,native,11,Mayo,Heavy,No,Regular,24,3
22,native,12,Butter,Heavy,Yes,Split,30,3
23,native,1,Mayo,Light,No,Regular,18,5
23,native,2,Butter,Light,No,Split,18,6
23,native,3,Mayo,Heavy,No,Split,18,6
23,native,4,Butter,Heavy,No,Regular,24,4
23,native,5,Mayo,Light,Yes,Split,24,5
23,native,6,Butter,Light,Yes,Regular,24,3
23,native,7,Mayo,Heavy,Yes,Regular,30,2
23,native,8,Butter,Heavy,Yes,Split,30,4
23,native,9,Mayo,Light,No,Split,30,7
23,native,10,Butter,Light,Yes,Regular,18,3
23,native,11,Mayo,Heavy,No,Regular,24,7
23,native,12,Butter,Heavy,Yes,Split,30,3
24,native,1,Mayo,Light,No,Regular,18,6
24,native,2,Butter,Light,No,Split,18,6
24,native,3,Mayo,Heavy,No,Split,18,5
24,native,4,Butter,Heavy,No,Regular,24,4
24,native,5,Mayo,Light,Yes,Split,24,5
24,native,6,Butter,Light,Yes,Regular,24,3
24,native,7,Mayo,Heavy,Yes,Regular,30,2
24,native,8,Butter,Heavy,Yes,Split,30,4
24,native,9,Mayo,Light,No,Split,30,5
24,native,10,Butter,Light,Yes,Regular,18,3
24,native,11,Mayo,Heavy,No,Regular,24,5
24,native,12,Butter,Heavy,Yes,Split,30,6
25,native,1,Mayo,Light,No,Regular,18,4
25,native,2,Butter,Light,No,Split,18,7
25,native,3,Mayo,Heavy,No,Split,18,5
25,native,4,Butter,Heavy,No,Regular,24,5
25,native,5,Mayo,Light,Yes,Split,24,6
25,native,6,Butter,Light,Yes,Regular,24,1
25,native,7,Mayo,Heavy,Yes,Regular,30,2
25,native,8,Butter,Heavy,Yes,Split,30,3
25,native,9,Mayo,Light,No,Split,30,5
25,native,10,Butter,Light,Yes,Regular,18,3
25,native,11,Mayo,Heavy,No,Regular,24,5
25,native,12,Butter,Heavy,Yes,Split,30,3
26,native,1,Mayo,Light,No,Regular,18,5
26,native,2,Butter,Light,No,Split,18,7
26,native,3,Mayo,Heavy,No,Split,18,6
26,native,4,Butter,Heavy,No,Regular,24,5
26,native,5,Mayo,Light,Yes,Split,24,6
26,native,6,Butter,Light,Yes,Regular,24,3
26,native,7,Mayo,Heavy,Yes,Regular,30,4
26,native,8,Butter,Heavy,Yes,Split,30,5
26,native,9,Mayo,Light,No,Split,30,6
26,native,10,Butter,Light,Yes,Regular,18,4
26,native,11,Mayo,Heavy,No,Regular,24,7
26,native,12,Butter,Heavy,Yes,Split,30,5
27,native,1,Mayo,Light,No,Regular,18,6
27,native,2,Butter,Light,No,Split,18,9
27,native,3,Mayo,Heavy,No,Split,18,8
27,native,4,Butter,Heavy,No,Regular,24,5
27,native,5,Mayo,Light,Yes,Split,24,5
27,native,6,Butter,Light,Yes,Regular,24,5
27,native,7,Mayo,Heavy,Yes,Regular,30,5
27,native,8,Butter,Heavy,Yes,Split,30,5
27,native,9,Mayo,Light,No,Split,30,6
27,native,10,Butter,Light,Yes,Regular,18,5
27,native,11,Mayo,Heavy,No,Regular,24,7
27,native,12,Butter,Heavy,Yes,Split,30,4
28,native,1,Mayo,Light,No,Regular,18,7
28,native,2,Butter,Light,No,Split,18,6
28,native,3,Mayo,Heavy,No,Split,18,6
28,native,4,Butter,Heavy,No,Regular,24,5
28,native,5,Mayo,Light,Yes,Split,24,4
28,native,6,Butter,Light,Yes,Regular,24,2
28,native,7,Mayo,Heavy,Yes,Regular,30,4
28,native,8,Butter,Heavy,Yes,Split,30,4
28,native,9,Mayo,Light,No,Split,30,7
28,native,10,Butter,Light,Yes,Regular,18,5
28,native,11,Mayo,Heavy,No,Regular,24,6
28,native,12,Butter,Heavy,Yes,Split,30,4
29,native,1,Mayo,Light,No,Regular,18,6
29,native,2,Butter,Light,No,Split,18,6
29,native,3,Mayo,Heavy,No,Split,18,6
29,native,4,Butter,Heavy,No,Regular,24,4
29,native,5,Mayo,Light,Yes,Split,24,5
29,native,6,Butter,Light,Yes,Regular,24,3
29,native,7,Mayo,Heavy,Yes,Regular,30,3
29,native,8,Butter,Heavy,Yes,Split,30,4
29,native,9,Mayo,Light,No,Split,30,5
29,native,10,Butter,Light,Yes,Regular,18,3
29,native,11,Mayo,Heavy,No,Regular,24,5
29,native,12,Butter,Heavy,Yes,Split,30,3
30,native,1,Mayo,Light,No,Regular,18,6
30,native,2,Butter,Light,No,Split,18,8
30,native,3,Mayo,Heavy,No,Split,18,8
30,native,4,Butter,Heavy,No,Regular,24,4
30,native,5,Mayo,Light,Yes,Split,24,5
30,native,6,Butter,Light,Yes,Regular,24,4
30,native,7,Mayo,Heavy,Yes,Regular,30,3
30,native,8,Butter,Heavy,Yes,Split,30,3
30,native,9,Mayo,Light,No,Split,30,6
30,native,10,Butter,Light,Yes,Regular,18,4
30,native,11,Mayo,Heavy,No,Regular,24,5
30,native,12,Butter,Heavy,Yes,Split,30,3
31,native,1,Mayo,Light,No,Regular,18,6
31,native,2,Butter,Light,No,Split,18,6
31,native,3,Mayo,Heavy,No,Split,18,5
31,native,4,Butter,Heavy,No,Regular,24,4
31,native,5,Mayo,Light,Yes,Split,24,5
31,native,6,Butter,Light,Yes,Regular,24,1
31,native,7,Mayo,Heavy,Yes,Regular,30,3
31,native,8,Butter,Heavy,Yes,Split,30,5
31,native,9,Mayo,Light,No,Split,30,6
31,native,10,Butter,Light,Yes,Regular,18,3
31,native,11,Mayo,Heavy,No,Regular,24,6
31,native,12,Butter,Heavy,Yes,Split,30,4
32,native,1,Mayo,Light,No,Regular,18,5
32,native,2,Butter,Light,No,Split,18,6
32,native,3,Mayo,Heavy,No,Split,18,6
32,native,4,Butter,Heavy,No,Regular,24,5
32,native,5,Mayo,Light,Yes,Split,24,5
32,native,6,Butter,Light,Yes,Regular,24,3
32,native,7,Mayo,Heavy,Yes,Regular,30,3
32,native,8,Butter,Heavy,Yes,Split,30,2
32,native,9,Mayo,Light,No,Split,30,5
32,native,10,Butter,Light,Yes,Regular,18,4
32,native,11,Mayo,Heavy,No,Regular,24,5
32,native,12,Butter,Heavy,Yes,Split,30,2
33,native,1,Mayo,Light,No,Regular,18,7
33,native,2,Butter,Light,No,Split,18,6
33,native,3,Mayo,Heavy,No,Split,18,7
33,native,4,Butter,Heavy,No,Regular,24,5
33,native,5,Mayo,Light,Yes,Split,24,6
33,native,6,Butter,Light,Yes,Regular,24,4
33,native,7,Mayo,Heavy,Yes,Regular,30,3
33,native,8,Butter,Heavy,Yes,Split,30,3
33,native,9,Mayo,Light,No,Split,30,6
33,native,10,Butter,Light,Yes,Regular,18,4
33,native,11,Mayo,Heavy,No,Regular,24,4
33,native,12,Butter,Heavy,Yes,Split,30,4
34,native,1,Mayo,Light,No,Regular,18,5
34,native,2,Butter,Light,No,Split,18,6
34,native,3,Mayo,Heavy,No,Split,18,6
34,native,4,Butter,Heavy,No,Regular,24,3
34,native,5,Mayo,Light,Yes,Split,24,6
34,native,6,Butter,Light,Yes,Regular,24,3
34,native,7,Mayo,Heavy,Yes,Regular,30,3
34,native,8,Butter,Heavy,Yes,Split,30,3
34,native,9,Mayo,Light,No,Split,30,4
34,native,10,Butter,Light,Yes,Regular,18,4
34,native,11,Mayo,Heavy,No,Regular,24,3
34,native,12,Butter,Heavy,Yes,Split,30,2
35,native,1,Mayo,Light,No,Regular,18,7
35,native,2,Butter,Light,No,Split,18,5
35,native,3,Mayo,Heavy,No,Split,18,6
35,native,4,Butter,Heavy,No,Regular,24,3
35,native,5,Mayo,Light,Yes,Split,24,5
35,native,6,Butter,Light,Yes,Regular,24,1
35,native,7,Mayo,Heavy,Yes,Regular,30,2
35,native,8,Butter,Heavy,Yes,Split,30,2
35,native,9,Mayo,Light,No,Split,30,4
35,native,10,Butter,Light,Yes,Regular,18,2
35,native,11,Mayo,Heavy,No,Regular,24,5
35,native,12,Butter,Heavy,Yes,Split,30,1
36,native,1,Mayo,Light,No,Regular,18,3
36,native,2,Butter,Light,No,Split,18,6
36,native,3,Mayo,Heavy,No,Split,18,6
36,native,4,Butter,Heavy,No,Regular,24,1
36,native,5,Mayo,Light,Yes,Split,24,5
36,native,6,Butter,Light,Yes,Regular,24,2
36,native,7,Mayo,Heavy,Yes,Regular,30,3
36,native,8,Butter,Heavy,Yes,Split,30,1
36,native,9,Mayo,Light,No,Split,30,7
36,native,10,Butter,Light,Yes,Regular,18,3
36,native,11,Mayo,Heavy,No,Regular,24,4
36,native,12,Butter,Heavy,Yes,Split,30,2
37,native,1,Mayo,Light,No,Regular,18,5
37,native,2,Butter,Light,No,Split,18,6
37,native,3,Mayo,Heavy,No,Split,18,4
37,native,4,Butter,Heavy,No,Regular,24,5
37,native,5,Mayo,Light,Yes,Split,24,5
37,native,6,Butter,Light,Yes,Regular,24,3
37,native,7,Mayo,Heavy,Yes,Regular,30,1
37,native,8,Butter,Heavy,Yes,Split,30,2
37,native,9,Mayo,Light,No,Split,30,7
37,native,10,Butter,Light,Yes,Regular,18,2
37,native,11,Mayo,Heavy,No,Regular,24,4
37,native,12,Butter,Heavy,Yes,Split,30,5
38,native,1,Mayo,Light,No,Regular,18,8
38,native,2,Butter,Light,No,Split,18,8
38,native,3,Mayo,Heavy,No,Split,18,6
38,native,4,Butter,Heavy,No,Regular,24,3
38,native,5,Mayo,Light,Yes,Split,24,5
38,native,6,Butter,Light,Yes,Regular,24,4
38,native,7,Mayo,Heavy,Yes,Regular,30,3
38,native,8,Butter,Heavy,Yes,Split,30,4
38,native,9,Mayo,Light,No,Split,30,5
38,native,10,Butter,Light,Yes,Regular,18,2
38,native,11,Mayo,Heavy,No,Regular,24,5
38,native,12,Butter,Heavy,Yes,Split,30,2
39,native,1,Mayo,Light,No,Regular,18,5
39,native,2,Butter,Light,No,Split,18,5
39,native,3,Mayo,Heavy,No,Split,18,5
39,native,4,Butter,Heavy,No,Regular,24,3
39,native,5,Mayo,Light,Yes,Split,24,5
39,native,6,Butter,Light,Yes,Regular,24,1
39,native,7,Mayo,Heavy,Yes,Regular,30,3
39,native,8,Butter,Heavy,Yes,Split,30,2
39,native,9,Mayo,Light,No,Split,30,6
39,native,10,Butter,Light,Yes,Regular,18,3
39,native,11,Mayo,Heavy,No,Regular,24,4
39,native,12,Butter,Heavy,Yes,Split,30,3
40,native,1,Mayo,Light,No,Regular,18,5
40,native,2,Butter,Light,No,Split,18,3
40,native,3,Mayo,Heavy,No,Split,18,5
40,native,4,Butter,Heavy,No,Regular,24,2
40,native,5,Mayo,Light,Yes,Split,24,5
40,native,6,Butter,Light,Yes,Regular,24,4
40,native,7,Mayo,Heavy,Yes,Regular,30,1
40,native,8,Butter,Heavy,Yes,Split,30,3
40,native,9,Mayo,Light,No,Split,30,5
40,native,10,Butter,Light,Yes,Regular,18,5
40,native,11,Mayo,Heavy,No,Regular,24,4
40,native,12,Butter,Heavy,Yes,Split,30,4
41,native,1,Mayo,Light,No,Regular,18,6
41,native,2,Butter,Light,No,Split,18,7
41,native,3,Mayo,Heavy,No,Split,18,8
41,native,4,Butter,Heavy,No,Regular,24,2
41,native,5,Mayo,Light,Yes,Split,24,4
41,native,6,Butter,Light,Yes,Regular,24,3
41,native,7,Mayo,Heavy,Yes,Regular,30,2
41,native,8,Butter,Heavy,Yes,Split,30,3
41,native,9,Mayo,Light,No,Split,30,7
41,native,10,Butter,Light,Yes,Regular,18,4
41,native,11,Mayo,Heavy,No,Regular,24,5
41,native,12,Butter,Heavy,Yes,Split,30,4
42,native,1,Mayo,Light,No,Regular,18,4
42,native,2,Butter,Light,No,Split,18,6
42,native,3,Mayo,Heavy,No,Split,18,7
42,native,4,Butter,Heavy,No,Regular,24,4
42,native,5,Mayo,Light,Yes,Split,24,6
42,native,6,Butter,Light,Yes,Regular,24,3
42,native,7,Mayo,Heavy,Yes,Regular,30,5
42,native,8,Butter,Heavy,Yes,Split,30,2
42,native,9,Mayo,Light,No,Split,30,7
42,native,10,Butter,Light,Yes,Regular,18,5
42,native,11,Mayo,Heavy,No,Regular,24,6
42,native,12,Butter,Heavy,Yes,Split,30,3
43,native,1,Mayo,Light,No,Regular,18,5
43,native,2,Butter,Light,No,Split,18,6
43,native,3,Mayo,Heavy,No,Split,18,7
43,native,4,Butter,Heavy,No,Regular,24,2
43,native,5,Mayo,Light,Yes,Split,24,4
43,native,6,Butter,Light,Yes,Regular,24,3
43,native,7,Mayo,Heavy,Yes,Regular,30,4
43,native,8,Butter,Heavy,Yes,Split,30,2
43,native,9,Mayo,Light,No,Split,30,5
43,native,10,Butter,Light,Yes,Regular,18,2
43,native,11,Mayo,Heavy,No,Regular,24,5
43,native,12,Butter,Heavy,Yes,Split,30,1
44,native,1,Mayo,Light,No,Regular,18,5
44,native,2,Butter,Light,No,Split,18,6
44,native,3,Mayo,Heavy,No,Split,18,6
44,native,4,Butter,Heavy,No,Regular,24,4
44,native,5,Mayo,Light,Yes,Split,24,4
44,native,6,Butter,Light,Yes,Regular,24,4
44,native,7,Mayo,Heavy,Yes,Regular,30,3
44,native,8,Butter,Heavy,Yes,Split,30,3
44,native,9,Mayo,Light,No,Split,30,8
44,native,10,Butter,Light,Yes,Regular,18,2
44,native,11,Mayo,Heavy,No,Regular,24,4
44,native,12,Butter,Heavy,Yes,Split,30,3
45,native,1,Mayo,Light,No,Regular,18,6
45,native,2,Butter,Light,No,Split,18,5
45,native,3,Mayo,Heavy,No,Split,18,4
45,native,4,Butter,Heavy,No,Regular,24,4
45,native,5,Mayo,Light,Yes,Split,24,3
45,native,6,Butter,Light,Yes,Regular,24,1
45,native,7,Mayo,Heavy,Yes,Regular,30,3
45,native,8,Butter,Heavy,Yes,Split,30,2
45,native,9,Mayo,Light,No,Split,30,4
45,native,10,Butter,Light,Yes,Regular,18,3
45,native,11,Mayo,Heavy,No,Regular,24,5
45,native,12,Butter,Heavy,Yes,Split,30,2
46,native,1,Mayo,Light,No,Regular,18,7
46,native,2,Butter,Light,No,Split,18,5
46,native,3,Mayo,Heavy,No,Split,18,5
46,native,4,Butter,Heavy,No,Regular,24,4
46,native,5,Mayo,Light,Yes,Split,24,4
46,native,6,Butter,Light,Yes,Regular,24,4
46,native,7,Mayo,Heavy,Yes,Regular,30,2
46,native,8,Butter,Heavy,Yes,Split,30,3
46,native,9,Mayo,Light,No,Split,30,4
46,native,10,Butter,Light,Yes,Regular,18,3
46,native,11,Mayo,Heavy,No,Regular,24,4
46,native,12,Butter,Heavy,Yes,Split,30,4
47,native,1,Mayo,Light,No,Regular,18,5
47,native,2,Butter,Light,No,Split,18,5
47,native,3,Mayo,Heavy,No,Split,18,7
47,native,4,Butter,Heavy,No,Regular,24,3
47,native,5,Mayo,Light,Yes,Split,24,5
47,native,6,Butter,Light,Yes,Regular,24,1
47,native,7,Mayo,Heavy,Yes,Regular,30,1
47,native,8,Butter,Heavy,Yes,Split,30,3
47,native,9,Mayo,Light,No,Split,30,4
47,native,10,Butter,Light,Yes,Regular,18,2
47,native,11,Mayo,Heavy,No,Regular,24,4
47,native,12,Butter,Heavy,Yes,Split,30,3
48,native,1,Mayo,Light,No,Regular,18,3
48,native,2,Butter,Light,No,Split,18,5
48,native,3,Mayo,Heavy,No,Split,18,7
48,native,4,Butter,Heavy,No,Regular,24,3
48,native,5,Mayo,Light,Yes,Split,24,3
48,native,6,Butter,Light,Yes,Regular,24,3
48,native,7,Mayo,Heavy,Yes,Regular,30,2
48,native,8,Butter,Heavy,Yes,Split,30,1
48,native,9,Mayo,Light,No,Split,30,4
48,native,10,Butter,Light,Yes,Regular,18,2
48,native,11,Mayo,Heavy,No,Regular,24,5
48,native,12,Butter,Heavy,Yes,Split,30,3
49,native,1,Mayo,Light,No,Regular,18,5
49,native,2,Butter,Light,No,Split,18,6
49,native,3,Mayo,Heavy,No,Split,18,7
49,native,4,Butter,Heavy,No,Regular,24,6
49,native,5,Mayo,Light,Yes,Split,24,4
49,native,6,Butter,Light,Yes,Regular,24,2
49,native,7,Mayo,Heavy,Yes,Regular,30,3
49,native,8,Butter,Heavy,Yes,Split,30,4
49,native,9,Mayo,Light,No,Split,30,7
49,native,10,Butter,Light,Yes,Regular,18,3
49,native,11,Mayo,Heavy,No,Regular,24,4
49,native,12,Butter,Heavy,Yes,Split,30,4
50,native,1,Mayo,Light,No,Regular,18,8
50,native,2,Butter,Light,No,Split,18,9
50,native,3,Mayo,Heavy,No,Split,18,6
50,native,4,Butter,Heavy,No,Regular,24,4
50,native,5,Mayo,Light,Yes,Split,24,7
50,native,6,Butter,Light,Yes,Regular,24,4
50,native,7,Mayo,Heavy,Yes,Regular,30,3
50,native,8,Butter,Heavy,Yes,Split,30,4
50,native,9,Mayo,Light,No,Split,30,7
50,native,10,Butter,Light,Yes,Regular,18,5
50,native,11,Mayo,Heavy,No,Regular,24,4
50,native,12,Butter,Heavy,Yes,Split,30,4
51,transplant,1,Mayo,Light,No,Regular,18,6
51,transplant,2,Butter,Light,No,Split,18,6
51,transplant,3,Mayo,Heavy,No,Split,18,4
51,transplant,4,Butter,Heavy,No,Regular,24,3
51,transplant,5,Mayo,Light,Yes,Split,24,2
51,transplant,6,Butter,Light,Yes,Regular,24,2
51,transplant,7,Mayo,Heavy,Yes,Regular,30,2
51,transplant,8,Butter,Heavy,Yes,Split,30,2
51,transplant,9,Mayo,Light,No,Split,30,5
51,transplant,10,Butter,Light,Yes,Regular,18,4
51,transplant,11,Mayo,Heavy,No,Regular,24,4
51,transplant,12,Butter,Heavy,Yes,Split,30,4
52,transplant,1,Mayo,Light,No,Regular,18,4
52,transplant,2,Butter,Light,No,Split,18,5
52,transplant,3,Mayo,Heavy,No,Split,18,5
52,transplant,4,Butter,Heavy,No,Regular,24,3
52,transplant,5,Mayo,Light,Yes,Split,24,4
52,transplant,6,Butter,Light,Yes,Regular,24,1
52,transplant,7,Mayo,Heavy,Yes,Regular,30,3
52,transplant,8,Butter,Heavy,Yes,Split,30,2
52,transplant,9,Mayo,Light,No,Split,30,4
52,transplant,10,Butter,Light,Yes,Regular,18,4
52,transplant,11,Mayo,Heavy,No,Regular,24,3
52,transplant,12,Butter,Heavy,Yes,Split,30,3
53,transplant,1,Mayo,Light,No,Regular,18,5
53,transplant,2,Butter,Light,No,Split,18,6
53,transplant,3,Mayo,Heavy,No,Split,18,6
53,transplant,4,Butter,Heavy,No,Regular,24,5
53,transplant,5,Mayo,Light,Yes,Split,24,6
53,transplant,6,Butter,Light,Yes,Regular,24,4
53,transplant,7,Mayo,Heavy,Yes,Regular,30,3
53,transplant,8,Butter,Heavy,Yes,Split,30,5
53,transplant,9,Mayo,Light,No,Split,30,5
53,transplant,10,Butter,Light,Yes,Regular,18,4
53,transplant,11,Mayo,Heavy,No,Regular,24,5
53,transplant,12,Butter,Heavy,Yes,Split,30,5
54,transplant,1,Mayo,Light,No,Regular,18,6
54,transplant,2,Butter,Light,No,Split,18,6
54,transplant,3,Mayo,Heavy,No,Split,18,8
54,transplant,4,Butter,Heavy,No,Regular,24,5
54,transplant,5,Mayo,Light,Yes,Split,24,5
54,transplant,6,Butter,Light,Yes,Regular,24,5
54,transplant,7,Mayo,Heavy,Yes,Regular,30,3
54,transplant,8,Butter,Heavy,Yes,Split,30,6
54,transplant,9,Mayo,Light,No,Split,30,5
54,transplant,10,Butter,Light,Yes,Regular,18,5
54,transplant,11,Mayo,Heavy,No,Regular,24,3
54,transplant,12,Butter,Heavy,Yes,Split,30,5
55,transplant,1,Mayo,Light,No,Regular,18,5
55,transplant,2,Butter,Light,No,Split,18,5
55,transplant,3,Mayo,Heavy,No,Split,18,5
55,transplant,4,Butter,Heavy,No,Regular,24,2
55,transplant,5,Mayo,Light,Yes,Split,24,3
55,transplant,6,Butter,Light,Yes,Regular,24,2
55,transplant,7,Mayo,Heavy,Yes,Regular,30,4
55,transplant,8,Butter,Heavy,Yes,Split,30,4
55,transplant,9,Mayo,Light,No,Split,30,5
55,transplant,10,Butter,Light,Yes,Regular,18,3
55,transplant,11,Mayo,Heavy,No,Regular,24,4
55,transplant,12,Butter,Heavy,Yes,Split,30,4
56,transplant,1,Mayo,Light,No,Regular,18,4
56,transplant,2,Butter,Light,No,Split,18,3
56,transplant,3,Mayo,Heavy,No,Split,18,5
56,transplant,4,Butter,Heavy,No,Regular,24,4
56,transplant,5,Mayo,Light,Yes,Split,24,4
56,transplant,6,Butter,Light,Yes,Regular,24,2
56,transplant,7,Mayo,Heavy,Yes,Regular,30,1
56,transplant,8,Butter,Heavy,Yes,Split,30,3
56,transplant,9,Mayo,Light,No,Split,30,5
56,transplant,10,Butter,Light,Yes,Regular,18,2
56,transplant,11,Mayo,Heavy,No,Regular,24,3
56,transplant,12,Butter,Heavy,Yes,Split,30,4
57,transplant,1,Mayo,Light,No,Regular,18,5
57,transplant,2,Butter,Light,No,Split,18,5
57,transplant,3,Mayo,Heavy,No,Split,18,6
57,transplant,4,Butter,Heavy,No,Regular,24,4
57,transplant,5,Mayo,Light,Yes,Split,24,5
57,transplant,6,Butter,Light,Yes,Regular,24,3
57,transplant,7,Mayo,Heavy,Yes,Regular,30,3
57,transplant,8,Butter,Heavy,Yes,Split,30,4
57,transplant,9,Mayo,Light,No,Split,30,5
57,transplant,10,Butter,Light,Yes,Regular,18,5
57,transplant,11,Mayo,Heavy,No,Regular,24,5
57,transplant,12,Butter,Heavy,Yes,Split,30,5
58,transplant,1,Mayo,Light,No,Regular,18,5
58,transplant,2,Butter,Light,No,Split,18,6
58,transplant,3,Mayo,Heavy,No,Split,18,6
58,transplant,4,Butter,Heavy,No,Regular,24,4
58,transplant,5,Mayo,Light,Yes,Split,24,4
58,transplant,6,Butter,Light,Yes,Regular,24,4
58,transplant,7,Mayo,Heavy,Yes,Regular,30,4
58,transplant,8,Butter,Heavy,Yes,Split,30,4
58,transplant,9,Mayo,Light,No,Split,30,6
58,transplant,10,Butter,Light,Yes,Regular,18,3
58,transplant,11,Mayo,Heavy,No,Regular,24,5
58,transplant,12,Butter,Heavy,Yes,Split,30,5
59,transplant,1,Mayo,Light,No,Regular,18,6
59,transplant,2,Butter,Light,No,Split,18,6
59,transplant,3,Mayo,Heavy,No,Split,18,6
59,transplant,4,Butter,Heavy,No,Regular,24,6
59,transplant,5,Mayo,Light,Yes,Split,24,5
59,transplant,6,Butter,Light,Yes,Regular,24,3
59,transplant,7,Mayo,Heavy,Yes,Regular,30,5
59,transplant,8,Butter,Heavy,Yes,Split,30,6
59,transplant,9,Mayo,Light,No,Split,30,7
59,transplant,10,Butter,Light,Yes,Regular,18,6
59,transplant,11,Mayo,Heavy,No,Regular,24,5
59,transplant,12,Butter,Heavy,Yes,Split,30,6
60,transplant,1,Mayo,Light,No,Regular,18,5
60,transplant,2,Butter,Light,No,Split,18,6
60,transplant,3,Mayo,Heavy,No,Split,18,6
60,transplant,4,Butter,Heavy,No,Regular,24,4
60,transplant,5,Mayo,Light,Yes,Split,24,6
60,transplant,6,Butter,Light,Yes,Regular,24,3
60,transplant,7,Mayo,Heavy,Yes,Regular,30,4
60,transplant,8,Butter,Heavy,Yes,Split,30,4
60,transplant,9,Mayo,Light,No,Split,30,6
60,transplant,10,Butter,Light,Yes,Regular,18,6
60,transplant,11,Mayo,Heavy,No,Regular,24,4
60,transplant,12,Butter,Heavy,Yes,Split,30,3
61,transplant,1,Mayo,Light,No,Regular,18,4
61,transplant,2,Butter,Light,No,Split,18,8
61,transplant,3,Mayo,Heavy,No,Split,18,6
61,transplant,4,Butter,Heavy,No,Regular,24,6
61,transplant,5,Mayo,Light,Yes,Split,24,5
61,transplant,6,Butter,Light,Yes,Regular,24,5
61,transplant,7,Mayo,Heavy,Yes,Regular,30,3
61,transplant,8,Butter,Heavy,Yes,Split,30,4
61,transplant,9,Mayo,Light,No,Split,30,5
61,transplant,10,Butter,Light,Yes,Regular,18,5
61,transplant,11,Mayo,Heavy,No,Regular,24,6
61,transplant,12,Butter,Heavy,Yes,Split,30,4
62,transplant,1,Mayo,Light,No,Regular,18,6
62,transplant,2,Butter,Light,No,Split,18,6
62,transplant,3,Mayo,Heavy,No,Split,18,7
62,transplant,4,Butter,Heavy,No,Regular,24,4
62,transplant,5,Mayo,Light,Yes,Split,24,6
62,transplant,6,Butter,Light,Yes,Regular,24,3
62,transplant,7,Mayo,Heavy,Yes,Regular,30,2
62,transplant,8,Butter,Heavy,Yes,Split,30,4
62,transplant,9,Mayo,Light,No,Split,30,6
62,transplant,10,Butter,Light,Yes,Regular,18,5
62,transplant,11,Mayo,Heavy,No,Regular,24,5
62,transplant,12,Butter,Heavy,Yes,Split,30,5
63,transplant,1,Mayo,Light,No,Regular,18,5
63,transplant,2,Butter,Light,No,Split,18,6
63,transplant,3,Mayo,Heavy,No,Split,18,4
63,transplant,4,Butter,Heavy,No,Regular,24,3
63,transplant,5,Mayo,Light,Yes,Split,24,4
63,transplant,6,Butter,Light,Yes,Regular,24,2
63,transplant,7,Mayo,Heavy,Yes,Regular,30,2
63,transplant,8,Butter,Heavy,Yes,Split,30,3
63,transplant,9,Mayo,Light,No,Split,30,4
63,transplant,10,Butter,Light,Yes,Regular,18,4
63,transplant,11,Mayo,Heavy,No,Regular,24,2
63,transplant,12,Butter,Heavy,Yes,Split,30,3
64,transplant,1,Mayo,Light,No,Regular,18,4
64,transplant,2,Butter,Light,No,Split,18,3
64,transplant,3,Mayo,Heavy,No,Split,18,5
64,transplant,4,Butter,Heavy,No,Regular,24,5
64,transplant,5,Mayo,Light,Yes,Split,24,4
64,transplant,6,Butter,Light,Yes,Regular,24,4
64,transplant,7,Mayo,Heavy,Yes,Regular,30,2
64,transplant,8,Butter,Heavy,Yes,Split,30,4
64,transplant,9,Mayo,Light,No,Split,30,5
64,transplant,10,Butter,Light,Yes,Regular,18,3
64,transplant,11,Mayo,Heavy,No,Regular,24,3
64,transplant,12,Butter,Heavy,Yes,Split,30,5
65,transplant,1,Mayo,Light,No,Regular,18,6
65,transplant,2,Butter,Light,No,Split,18,5
65,transplant,3,Mayo,Heavy,No,Split,18,5
65,transplant,4,Butter,Heavy,No,Regular,24,4
65,transplant,5,Mayo,Light,Yes,Split,24,4
65,transplant,6,Butter,Light,Yes,Regular,24,4
65,transplant,7,Mayo,Heavy,Yes,Regular,30,3
65,transplant,8,Butter,Heavy,Yes,Split,30,3
65,transplant,9,Mayo,Light,No,Split,30,4
65,transplant,10,Butter,Light,Yes,Regular,18,4
65,transplant,11,Mayo,Heavy,No,Regular,24,3
65,transplant,12,Butter,Heavy,Yes,Split,30,4
66,transplant,1,Mayo,Light,No,Regular,18,5
66,transplant,2,Butter,Light,No,Split,18,7
66,transplant,3,Mayo,Heavy,No,Split,18,8
66,transplant,4,Butter,Heavy,No,Regular,24,2
66,transplant,5,Mayo,Light,Yes,Split,24,5
66,transplant,6,Butter,Light,Yes,Regular,24,4
66,transplant,7,Mayo,Heavy,Yes,Regular,30,2
66,transplant,8,Butter,Heavy,Yes,Split,30,4
66,transplant,9,Mayo,Light,No,Split,30,6
66,transplant,10,Butter,Light,Yes,Regular,18,5
66,transplant,11,Mayo,Heavy,No,Regular,24,3
66,transplant,12,Butter,Heavy,Yes,Split,30,3
67,transplant,1,Mayo,Light,No,Regular,18,6
67,transplant,2,Butter,Light,No,Split,18,5
67,transplant,3,Mayo,Heavy,No,Split,18,5
67,transplant,4,Butter,Heavy,No,Regular,24,4
67,transplant,5,Mayo,Light,Yes,Split,24,6
67,transplant,6,Butter,Light,Yes,Regular,24,5
67,transplant,7,Mayo,Heavy,Yes,Regular,30,4
67,transplant,8,Butter,Heavy,Yes,Split,30,3
67,transplant,9,Mayo,Light,No,Split,30,6
67,transplant,10,Butter,Light,Yes,Regular,18,3
67,transplant,11,Mayo,Heavy,No,Regular,24,3
67,transplant,12,Butter,Heavy,Yes,Split,30,4
68,transplant,1,Mayo,Light,No,Regular,18,5
68,transplant,2,Butter,Light,No,Split,18,5
68,transplant,3,Mayo,Heavy,No,Split,18,6
68,transplant,4,Butter,Heavy,No,Regular,24,4
68,transplant,5,Mayo,Light,Yes,Split,24,6
68,transplant,6,Butter,Light,Yes,Regular,24,3
68,transplant,7,Mayo,Heavy,Yes,Regular,30,4
68,transplant,8,Butter,Heavy,Yes,Split,30,3
68,transplant,9,Mayo,Light,No,Split,30,4
68,transplant,10,Butter,Light,Yes,Regular,18,4
68,transplant,11,Mayo,Heavy,No,Regular,24,5
68,transplant,12,Butter,Heavy,Yes,Split,30,4
69,transplant,1,Mayo,Light,No,Regular,18,7
69,transplant,2,Butter,Light,No,Split,18,8
69,transplant,3,Mayo,Heavy,No,Split,18,8
69,transplant,4,Butter,Heavy,No,Regular,24,4
69,transplant,5,Mayo,Light,Yes,Split,24,5
69,transplant,6,Butter,Light,Yes,Regular,24,7
69,transplant,7,Mayo,Heavy,Yes,Regular,30,5
69,transplant,8,Butter,Heavy,Yes,Split,30,5
69,transplant,9,Mayo,Light,No,Split,30,8
69,transplant,10,Butter,Light,Yes,Regular,18,5
69,transplant,11,Mayo,Heavy,No,Regular,24,4
69,transplant,12,Butter,Heavy,Yes,Split,30,4
70,transplant,1,Mayo,Light,No,Regular,18,5
70,transplant,2,Butter,Light,No,Split,18,7
70,transplant,3,Mayo,Heavy,No,Split,18,5
70,transplant,4,Butter,Heavy,No,Regular,24,3
70,transplant,5,Mayo,Light,Yes,Split,24,7
70,transplant,6,Butter,Light,Yes,Regular,24,4
70,transplant,7,Mayo,Heavy,Yes,Regular,30,4
70,transplant,8,Butter,Heavy,Yes,Split,30,5
70,transplant,9,Mayo,Light,No,Split,30,6
70,transplant,10,Butter,Light,Yes,Regular,18,4
70,transplant,11,Mayo,Heavy,No,Regular,24,5
70,transplant,12,Butter,Heavy,Yes,Split,30,5
71,transplant,1,Mayo,Light,No,Regular,18,6
71,transplant,2,Butter,Light,No,Split,18,8
71,transplant,3,Mayo,Heavy,No,Split,18,6
71,transplant,4,Butter,Heavy,No,Regular,24,5
71,transplant,5,Mayo,Light,Yes,Split,24,5
71,transplant,6,Butter,Light,Yes,Regular,24,5
71,transplant,7,Mayo,Heavy,Yes,Regular,30,6
71,transplant,8,Butter,Heavy,Yes,Split,30,7
71,transplant,9,Mayo,Light,No,Split,30,7
71,transplant,10,Butter,Light,Yes,Regular,18,7
71,transplant,11,Mayo,Heavy,No,Regular,24,7
71,transplant,12,Butter,Heavy,Yes,Split,30,6
72,transplant,1,Mayo,Light,No,Regular,18,4
72,transplant,2,Butter,Light,No,Split,18,4
72,transplant,3,Mayo,Heavy,No,Split,18,8
72,transplant,4,Butter,Heavy,No,Regular,24,6
72,transplant,5,Mayo,Light,Yes,Split,24,4
72,transplant,6,Butter,Light,Yes,Regular,24,4
72,transplant,7,Mayo,Heavy,Yes,Regular,30,2
72,transplant,8,Butter,Heavy,Yes,Split,30,3
72,transplant,9,Mayo,Light,No,Split,30,8
72,transplant,10,Butter,Light,Yes,Regular,18,4
72,transplant,11,Mayo,Heavy,No,Regular,24,5
72,transplant,12,Butter,Heavy,Yes,Split,30,4
73,transplant,1,Mayo,Light,No,Regular,18,6
73,transplant,2,Butter,Light,No,Split,18,6
73,transplant,3,Mayo,Heavy,No,Split,18,4
73,transplant,4,Butter,Heavy,No,Regular,24,6
73,transplant,5,Mayo,Light,Yes,Split,24,5
73,transplant,6,Butter,Light,Yes,Regular,24,3
73,transplant,7,Mayo,Heavy,Yes,Regular,30,4
73,transplant,8,Butter,Heavy,Yes,Split,30,3
73,transplant,9,Mayo,Light,No,Split,30,4
73,transplant,10,Butter,Light,Yes,Regular,18,3
73,transplant,11,Mayo,Heavy,No,Regular,24,5
73,transplant,12,Butter,Heavy,Yes,Split,30,3
74,transplant,1,Mayo,Light,No,Regular,18,6
74,transplant,2,Butter,Light,No,Split,18,6
74,transplant,3,Mayo,Heavy,No,Split,18,6
74,transplant,4,Butter,Heavy,No,Regular,24,4
74,transplant,5,Mayo,Light,Yes,Split,24,4
74,transplant,6,Butter,Light,Yes,Regular,24,1
74,transplant,7,Mayo,Heavy,Yes,Regular,30,4
74,transplant,8,Butter,Heavy,Yes,Split,30,6
74,transplant,9,Mayo,Light,No,Split,30,6
74,transplant,10,Butter,Light,Yes,Regular,18,3
74,transplant,11,Mayo,Heavy,No,Regular,24,6
74,transplant,12,Butter,Heavy,Yes,Split,30,6
75,transplant,1,Mayo,Light,No,Regular,18,5
75,transplant,2,Butter,Light,No,Split,18,7
75,transplant,3,Mayo,Heavy,No,Split,18,7
75,transplant,4,Butter,Heavy,No,Regular,24,6
75,transplant,5,Mayo,Light,Yes,Split,24,4
75,transplant,6,Butter,Light,Yes,Regular,24,3
75,transplant,7,Mayo,Heavy,Yes,Regular,30,4
75,transplant,8,Butter,Heavy,Yes,Split,30,3
75,transplant,9,Mayo,Light,No,Split,30,6
75,transplant,10,Butter,Light,Yes,Regular,18,3
75,transplant,11,Mayo,Heavy,No,Regular,24,4
75,transplant,12,Butter,Heavy,Yes,Split,30,4
76,transplant,1,Mayo,Light,No,Regular,18,3
76,transplant,2,Butter,Light,No,Split,18,6
76,transplant,3,Mayo,Heavy,No,Split,18,5
76,transplant,4,Butter,Heavy,No,Regular,24,3
76,transplant,5,Mayo,Light,Yes,Split,24,4
76,transplant,6,Butter,Light,Yes,Regular,24,4
76,transplant,7,Mayo,Heavy,Yes,Regular,30,2
76,transplant,8,Butter,Heavy,Yes,Split,30,5
76,transplant,9,Mayo,Light,No,Split,30,5
76,transplant,10,Butter,Light,Yes,Regular,18,4
76,transplant,11,Mayo,Heavy,No,Regular,24,5
76,transplant,12,Butter,Heavy,Yes,Split,30,3
77,transplant,1,Mayo,Light,No,Regular,18,4
77,transplant,2,Butter,Light,No,Split,18,4
77,transplant,3,Mayo,Heavy,No,Split,18,4
77,transplant,4,Butter,Heavy,No,Regular,24,3
77,transplant,5,Mayo,Light,Yes,Split,24,6
77,transplant,6,Butter,Light,Yes,Regular,24,4
77,transplant,7,Mayo,Heavy,Yes,Regular,30,3
77,transplant,8,Butter,Heavy,Yes,Split,30,4
77,transplant,9,Mayo,Light,No,Split,30,5
77,transplant,10,Butter,Light,Yes,Regular,18,4
77,transplant,11,Mayo,Heavy,No,Regular,24,5
77,transplant,12,Butter,Heavy,Yes,Split,30,3
78,transplant,1,Mayo,Light,No,Regular,18,5
78,transplant,2,Butter,Light,No,Split,18,6
78,transplant,3,Mayo,Heavy,No,Split,18,7
78,transplant,4,Butter,Heavy,No,Regular,24,4
78,transplant,5,Mayo,Light,Yes,Split,24,4
78,transplant,6,Butter,Light,Yes,Regular,24,4
78,transplant,7,Mayo,Heavy,Yes,Regular,30,3
78,transplant,8,Butter,Heavy,Yes,Split,30,3
78,transplant,9,Mayo,Light,No,Split,30,6
78,transplant,10,Butter,Light,Yes,Regular,18,4
78,transplant,11,Mayo,Heavy,No,Regular,24,5
78,transplant,12,Butter,Heavy,Yes,Split,30,4
79,transplant,1,Mayo,Light,No,Regular,18,4
79,transplant,2,Butter,Light,No,Split,18,6
79,transplant,3,Mayo,Heavy,No,Split,18,6
79,transplant,4,Butter,Heavy,No,Regular,24,3
79,transplant,5,Mayo,Light,Yes,Split,24,4
79,transplant,6,Butter,Light,Yes,Regular,24,2
79,transplant,7,Mayo,Heavy,Yes,Regular,30,4
79,transplant,8,Butter,Heavy,Yes,Split,30,3
79,transplant,9,Mayo,Light,No,Split,30,4
79,transplant,10,Butter,Light,Yes,Regular,18,4
79,transplant,11,Mayo,Heavy,No,Regular,24,3
79,transplant,12,Butter,Heavy,Yes,Split,30,4
80,transplant,1,Mayo,Light,No,Regular,18,4
80,transplant,2,Butter,Light,No,Split,18,5
80,transplant,3,Mayo,Heavy,No,Split,18,5
80,transplant,4,Butter,Heavy,No,Regular,24,3
80,transplant,5,Mayo,Light,Yes,Split,24,6
80,transplant,6,Butter,Light,Yes,Regular,24,5
80,transplant,7,Mayo,Heavy,Yes,Regular,30,1
80,transplant,8,Butter,Heavy,Yes,Split,30,2
80,transplant,9,Mayo,Light,No,Split,30,5
80,transplant,10,Butter,Light,Yes,Regular,18,2
80,transplant,11,Mayo,Heavy,No,Regular,24,2
80,transplant,12,Butter,Heavy,Yes,Split,30,1
81,transplant,1,Mayo,Light,No,Regular,18,4
81,transplant,2,Butter,Light,No,Split,18,6
81,transplant,3,Mayo,Heavy,No,Split,18,6
81,transplant,4,Butter,Heavy,No,Regular,24,5
81,transplant,5,Mayo,Light,Yes,Split,24,5
81,transplant,6,Butter,Light,Yes,Regular,24,4
81,transplant,7,Mayo,Heavy,Yes,Regular,30,4
81,transplant,8,Butter,Heavy,Yes,Split,30,5
81,transplant,9,Mayo,Light,No,Split,30,6
81,transplant,10,Butter,Light,Yes,Regular,18,5
81,transplant,11,Mayo,Heavy,No,Regular,24,3
81,transplant,12,Butter,Heavy,Yes,Split,30,4
82,transplant,1,Mayo,Light,No,Regular,18,6
82,transplant,2,Butter,Light,No,Split,18,5
82,transplant,3,Mayo,Heavy,No,Split,18,4
82,transplant,4,Butter,Heavy,No,Regular,24,2
82,transplant,5,Mayo,Light,Yes,Split,24,3
82,transplant,6,Butter,Light,Yes,Regular,24,2
82,transplant,7,Mayo,Heavy,Yes,Regular,30,2
82,transplant,8,Butter,Heavy,Yes,Split,30,6
82,transplant,9,Mayo,Light,No,Split,30,3
82,transplant,10,Butter,Light,Yes,Regular,18,3
82,transplant,11,Mayo,Heavy,No,Regular,24,5
82,transplant,12,Butter,Heavy,Yes,Split,30,3
83,transplant,1,Mayo,Light,No,Regular,18,4
83,transplant,2,Butter,Light,No,Split,18,6
83,transplant,3,Mayo,Heavy,No,Split,18,7
83,transplant,4,Butter,Heavy,No,Regular,24,5
83,transplant,5,Mayo,Light,Yes,Split,24,6
83,transplant,6,Butter,Light,Yes,Regular,24,5
83,transplant,7,Mayo,Heavy,Yes,Regular,30,4
83,transplant,8,Butter,Heavy,Yes,Split,30,6
83,transplant,9,Mayo,Light,No,Split,30,4
83,transplant,10,Butter,Light,Yes,Regular,18,4
83,transplant,11,Mayo,Heavy,No,Regular,24,3
83,transplant,12,Butter,Heavy,Yes,Split,30,4
84,transplant,1,Mayo,Light,No,Regular,18,4
84,transplant,2,Butter,Light,No,Split,18,6
84,transplant,3,Mayo,Heavy,No,Split,18,5
84,transplant,4,Butter,Heavy,No,Regular,24,5
84,transplant,5,Mayo,Light,Yes,Split,24,3
84,transplant,6,Butter,Light,Yes,Regular,24,5
84,transplant,7,Mayo,Heavy,Yes,Regular,30,2
84,transplant,8,Butter,Heavy,Yes,Split,30,4
84,transplant,9,Mayo,Light,No,Split,30,6
84,transplant,10,Butter,Light,Yes,Regular,18,5
84,transplant,11,Mayo,Heavy,No,Regular,24,3
84,transplant,12,Butter,Heavy,Yes,Split,30,5
85,transplant,1,Mayo,Light,No,Regular,18,6
85,transplant,2,Butter,Light,No,Split,18,7
85,transplant,3,Mayo,Heavy,No,Split,18,5
85,transplant,4,Butter,Heavy,No,Regular,24,5
85,transplant,5,Mayo,Light,Yes,Split,24,5
85,transplant,6,Butter,Light,Yes,Regular,24,6
85,transplant,7,Mayo,Heavy,Yes,Regular,30,3
85,transplant,8,Butter,Heavy,Yes,Split,30,5
85,transplant,9,Mayo,Light,No,Split,30,7
85,transplant,10,Butter,Light,Yes,Regular,18,5
85,transplant,11,Mayo,Heavy,No,Regular,24,6
85,transplant,12,Butter,Heavy,Yes,Split,30,4
86,transplant,1,Mayo,Light,No,Regular,18,8
86,transplant,2,Butter,Light,No,Split,18,6
86,transplant,3,Mayo,Heavy,No,Split,18,9
86,transplant,4,Butter,Heavy,No,Regular,24,6
86,transplant,5,Mayo,Light,Yes,Split,24,6
86,transplant,6,Butter,Light,Yes,Regular,24,4
86,transplant,7,Mayo,Heavy,Yes,Regular,30,4
86,transplant,8,Butter,Heavy,Yes,Split,30,5
86,transplant,9,Mayo,Light,No,Split,30,6
86,transplant,10,Butter,Light,Yes,Regular,18,6
86,transplant,11,Mayo,Heavy,No,Regular,24,6
86,transplant,12,Butter,Heavy,Yes,Split,30,5
87,transplant,1,Mayo,Light,No,Regular,18,3
87,transplant,2,Butter,Light,No,Split,18,5
87,transplant,3,Mayo,Heavy,No,Split,18,7
87,transplant,4,Butter,Heavy,No,Regular,24,5
87,transplant,5,Mayo,Light,Yes,Split,24,5
87,transplant,6,Butter,Light,Yes,Regular,24,6
87,transplant,7,Mayo,Heavy,Yes,Regular,30,4
87,transplant,8,Butter,Heavy,Yes,Split,30,4
87,transplant,9,Mayo,Light,No,Split,30,6
87,transplant,10,Butter,Light,Yes,Regular,18,5
87,transplant,11,Mayo,Heavy,No,Regular,24,4
87,transplant,12,Butter,Heavy,Yes,Split,30,3
88,transplant,1,Mayo,Light,No,Regular,18,4
88,transplant,2,Butter,Light,No,Split,18,6
88,transplant,3,Mayo,Heavy,No,Split,18,4
88,transplant,4,Butter,Heavy,No,Regular,24,5
88,transplant,5,Mayo,Light,Yes,Split,24,4
88,transplant,6,Butter,Light,Yes,Regular,24,3
88,transplant,7,Mayo,Heavy,Yes,Regular,30,4
88,transplant,8,Butter,Heavy,Yes,Split,30,5
88,transplant,9,Mayo,Light,No,Split,30,6
88,transplant,10,Butter,Light,Yes,Regular,18,4
88,transplant,11,Mayo,Heavy,No,Regular,24,3
88,transplant,12,Butter,Heavy,Yes,Split,30,3
89,transplant,1,Mayo,Light,No,Regular,18,5
89,transplant,2,Butter,Light,No,Split,18,6
89,transplant,3,Mayo,Heavy,No,Split,18,8
89,transplant,4,Butter,Heavy,No,Regular,24,2
89,transplant,5,Mayo,Light,Yes,Split,24,5
89,transplant,6,Butter,Light,Yes,Regular,24,3
89,transplant,7,Mayo,Heavy,Yes,Regular,30,3
89,transplant,8,Butter,Heavy,Yes,Split,30,3
89,transplant,9,Mayo,Light,No,Split,30,4
89,transplant,10,Butter,Light,Yes,Regular,18,4
89,transplant,11,Mayo,Heavy,No,Regular,24,5
89,transplant,12,Butter,Heavy,Yes,Split,30,3
90,transplant,1,Mayo,Light,No,Regular,18,5
90,transplant,2,Butter,Light,No,Split,18,8
90,transplant,3,Mayo,Heavy,No,Split,18,8
90,transplant,4,Butter,Heavy,No,Regular,24,5
90,transplant,5,Mayo,Light,Yes,Split,24,7
90,transplant,6,Butter,Light,Yes,Regular,24,6
90,transplant,7,Mayo,Heavy,Yes,Regular,30,5
90,transplant,8,Butter,Heavy,Yes,Split,30,4
90,transplant,9,Mayo,Light,No,Split,30,7
90,transplant,10,Butter,Light,Yes,Regular,18,6
90,transplant,11,Mayo,Heavy,No,Regular,24,5
90,transplant,12,Butter,Heavy,Yes,Split,30,6
91,transplant,1,Mayo,Light,No,Regular,18,6
91,transplant,2,Butter,Light,No,Split,18,6
91,transplant,3,Mayo,Heavy,No,Split,18,8
91,transplant,4,Butter,Heavy,No,Regular,24,3
91,transplant,5,Mayo,Light,Yes,Split,24,7
91,transplant,6,Butter,Light,Yes,Regular,24,4
91,transplant,7,Mayo,Heavy,Yes,Regular,30,3
91,transplant,8,Butter,Heavy,Yes,Split,30,3
91,transplant,9,Mayo,Light,No,Split,30,5
91,transplant,10,Butter,Light,Yes,Regular,18,5
91,transplant,11,Mayo,Heavy,No,Regular,24,4
91,transplant,12,Butter,Heavy,Yes,Split,30,4
92,transplant,1,Mayo,Light,No,Regular,18,5
92,transplant,2,Butter,Light,No,Split,18,7
92,transplant,3,Mayo,Heavy,No,Split,18,6
92,transplant,4,Butter,Heavy,No,Regular,24,5
92,transplant,5,Mayo,Light,Yes,Split,24,5
92,transplant,6,Butter,Light,Yes,Regular,24,5
92,transplant,7,Mayo,Heavy,Yes,Regular,30,4
92,transplant,8,Butter,Heavy,Yes,Split,30,5
92,transplant,9,Mayo,Light,No,Split,30,6
92,transplant,10,Butter,Light,Yes,Regular,18,5
92,transplant,11,Mayo,Heavy,No,Regular,24,5
92,transplant,12,Butter,Heavy,Yes,Split,30,4
93,transplant,1,Mayo,Light,No,Regular,18,3
93,transplant,2,Butter,Light,No,Split,18,6
93,transplant,3,Mayo,Heavy,No,Split,18,6
93,transplant,4,Butter,Heavy,No,Regular,24,4
93,transplant,5,Mayo,Light,Yes,Split,24,4
93,transplant,6,Butter,Light,Yes,Regular,24,5
93,transplant,7,Mayo,Heavy,Yes,Regular,30,2
93,transplant,8,Butter,Heavy,Yes,Split,30,3
93,transplant,9,Mayo,Light,No,Split,30,6
93,transplant,10,Butter,Light,Yes,Regular,18,5
93,transplant,11,Mayo,Heavy,No,Regular,24,4
93,transplant,12,Butter,Heavy,Yes,Split,30,2
94,transplant,1,Mayo,Light,No,Regular,18,4
94,transplant,2,Butter,Light,No,Split,18,6
94,transplant,3,Mayo,Heavy,No,Split,18,7
94,transplant,4,Butter,Heavy,No,Regular,24,5
94,transplant,5,Mayo,Light,Yes,Split,24,6
94,transplant,6,Butter,Light,Yes,Regular,24,2
94,transplant,7,Mayo,Heavy,Yes,Regular,30,3
94,transplant,8,Butter,Heavy,Yes,Split,30,4
94,transplant,9,Mayo,Light,No,Split,30,6
94,transplant,10,Butter,Light,Yes,Regular,18,4
94,transplant,11,Mayo,Heavy,No,Regular,24,6
94,transplant,12,Butter,Heavy,Yes,Split,30,4
95,transplant,1,Mayo,Light,No,Regular,18,3
95,transplant,2,Butter,Light,No,Split,18,5
95,transplant,3,Mayo,Heavy,No,Split,18,5
95,transplant,4,Butter,Heavy,No,Regular,24,2
95,transplant,5,Mayo,Light,Yes,Split,24,3
95,transplant,6,Butter,Light,Yes,Regular,24,1
95,transplant,7,Mayo,Heavy,Yes,Regular,30,3
95,transplant,8,Butter,Heavy,Yes,Split,30,3
95,transplant,9,Mayo,Light,No,Split,30,5
95,transplant,10,Butter,Light,Yes,Regular,18,2
95,transplant,11,Mayo,Heavy,No,Regular,24,2
95,transplant,12,Butter,Heavy,Yes,Split,30,4
96,transplant,1,Mayo,Light,No,Regular,18,7
96,transplant,2,Butter,Light,No,Split,18,7
96,transplant,3,Mayo,Heavy,No,Split,18,5
96,transplant,4,Butter,Heavy,No,Regular,24,5
96,transplant,5,Mayo,Light,Yes,Split,24,5
96,transplant,6,Butter,Light,Yes,Regular,24,4
96,transplant,7,Mayo,Heavy,Yes,Regular,30,2
96,transplant,8,Butter,Heavy,Yes,Split,30,4
96,transplant,9,Mayo,Light,No,Split,30,5
96,transplant,10,Butter,Light,Yes,Regular,18,3
96,transplant,11,Mayo,Heavy,No,Regular,24,6
96,transplant,12,Butter,Heavy,Yes,Split,30,4
97,transplant,1,Mayo,Light,No,Regular,18,6
97,transplant,2,Butter,Light,No,Split,18,6
97,transplant,3,Mayo,Heavy,No,Split,18,7
97,transplant,4,Butter,Heavy,No,Regular,24,5
97,transplant,5,Mayo,Light,Yes,Split,24,6
97,transplant,6,Butter,Light,Yes,Regular,24,3
97,transplant,7,Mayo,Heavy,Yes,Regular,30,2
97,transplant,8,Butter,Heavy,Yes,Split,30,3
97,transplant,9,Mayo,Light,No,Split,30,6
97,transplant,10,Butter,Light,Yes,Regular,18,4
97,transplant,11,Mayo,Heavy,No,Regular,24,5
97,transplant,12,Butter,Heavy,Yes,Split,30,3
98,transplant,1,Mayo,Light,No,Regular,18,6
98,transplant,2,Butter,Light,No,Split,18,8
98,transplant,3,Mayo,Heavy,No,Split,18,8
98,transplant,4,Butter,Heavy,No,Regular,24,5
98,transplant,5,Mayo,Light,Yes,Split,24,5
98,transplant,6,Butter,Light,Yes,Regular,24,4
98,transplant,7,Mayo,Heavy,Yes,Regular,30,3
98,transplant,8,Butter,Heavy,Yes,Split,30,6
98,transplant,9,Mayo,Light,No,Split,30,7
98,transplant,10,Butter,Light,Yes,Regular,18,7
98,transplant,11,Mayo,Heavy,No,Regular,24,5
98,transplant,12,Butter,Heavy,Yes,Split,30,4
99,transplant,1,Mayo,Light,No,Regular,18,5
99,transplant,2,Butter,Light,No,Split,18,5
99,transplant,3,Mayo,Heavy,No,Split,18,6
99,transplant,4,Butter,Heavy,No,Regular,24,3
99,transplant,5,Mayo,Light,Yes,Split,24,5
99,transplant,6,Butter,Light,Yes,Regular,24,4
99,transplant,7,Mayo,Heavy,Yes,Regular,30,3
99,transplant,8,Butter,Heavy,Yes,Split,30,2
99,transplant,9,Mayo,Light,No,Split,30,6
99,transplant,10,Butter,Light,Yes,Regular,18,3
99,transplant,11,Mayo,Heavy,No,Regular,24,7
99,transplant,12,Butter,Heavy,Yes,Split,30,4
100,transplant,1,Mayo,Light,No,Regular,18,8
100,transplant,2,Butter,Light,No,Split,18,6
100,transplant,3,Mayo,Heavy,No,Split,18,6
100,transplant,4,Butter,Heavy,No,Regular,24,5
100,transplant,5,Mayo,Light,Yes,Split,24,5
100,transplant,6,Butter,Light,Yes,Regular,24,4
100,transplant,7,Mayo,Heavy,Yes,Regular,30,2
100,transplant,8,Butter,Heavy,Yes,Split,30,2
100,transplant,9,Mayo,Light,No,Split,30,6
100,transplant,10,Butter,Light,Yes,Regular,18,5
100,transplant,11,Mayo,Heavy,No,Regular,24,7
100,transplant,12,Butter,Heavy,Yes,Split,30,4
101,tourist,1,Mayo,Light,No,Regular,18,5
101,tourist,2,Butter,Light,No,Split,18,9
101,tourist,3,Mayo,Heavy,No,Split,18,4
101,tourist,4,Butter,Heavy,No,Regular,24,8
101,tourist,5,Mayo,Light,Yes,Split,24,6
101,tourist,6,Butter,Light,Yes,Regular,24,5
101,tourist,7,Mayo,Heavy,Yes,Regular,30,8
101,tourist,8,Butter,Heavy,Yes,Split,30,6
101,tourist,9,Mayo,Light,No,Split,30,5
101,tourist,10,Butter,Light,Yes,Regular,18,8
101,tourist,11,Mayo,Heavy,No,Regular,24,6
101,tourist,12,Butter,Heavy,Yes,Split,30,7
102,tourist,1,Mayo,Light,No,Regular,18,8
102,tourist,2,Butter,Light,No,Split,18,6
102,tourist,3,Mayo,Heavy,No,Split,18,7
102,tourist,4,Butter,Heavy,No,Regular,24,6
102,tourist,5,Mayo,Light,Yes,Split,24,6
102,tourist,6,Butter,Light,Yes,Regular,24,6
102,tourist,7,Mayo,Heavy,Yes,Regular,30,6
102,tourist,8,Butter,Heavy,Yes,Split,30,8
102,tourist,9,Mayo,Light,No,Split,30,4
102,tourist,10,Butter,Light,Yes,Regular,18,8
102,tourist,11,Mayo,Heavy,No,Regular,24,6
102,tourist,12,Butter,Heavy,Yes,Split,30,6
103,tourist,1,Mayo,Light,No,Regular,18,7
103,tourist,2,Butter,Light,No,Split,18,6
103,tourist,3,Mayo,Heavy,No,Split,18,4
103,tourist,4,Butter,Heavy,No,Regular,24,6
103,tourist,5,Mayo,Light,Yes,Split,24,5
103,tourist,6,Butter,Light,Yes,Regular,24,6
103,tourist,7,Mayo,Heavy,Yes,Regular,30,5
103,tourist,8,Butter,Heavy,Yes,Split,30,6
103,tourist,9,Mayo,Light,No,Split,30,4
103,tourist,10,Butter,Light,Yes,Regular,18,6
103,tourist,11,Mayo,Heavy,No,Regular,24,5
103,tourist,12,Butter,Heavy,Yes,Split,30,7
104,tourist,1,Mayo,Light,No,Regular,18,6
104,tourist,2,Butter,Light,No,Split,18,5
104,tourist,3,Mayo,Heavy,No,Split,18,6
104,tourist,4,Butter,Heavy,No,Regular,24,6
104,tourist,5,Mayo,Light,Yes,Split,24,8
104,tourist,6,Butter,Light,Yes,Regular,24,6
104,tourist,7,Mayo,Heavy,Yes,Regular,30,7
104,tourist,8,Butter,Heavy,Yes,Split,30,8
104,tourist,9,Mayo,Light,No,Split,30,5
104,tourist,10,Butter,Light,Yes,Regular,18,8
104,tourist,11,Mayo,Heavy,No,Regular,24,5
104,tourist,12,Butter,Heavy,Yes,Split,30,8
105,tourist,1,Mayo,Light,No,Regular,18,5
105,tourist,2,Butter,Light,No,Split,18,5
105,tourist,3,Mayo,Heavy,No,Split,18,6
105,tourist,4,Butter,Heavy,No,Regular,24,4
105,tourist,5,Mayo,Light,Yes,Split,24,4
105,tourist,6,Butter,Light,Yes,Regular,24,4
105,tourist,7,Mayo,Heavy,Yes,Regular,30,5
105,tourist,8,Butter,Heavy,Yes,Split,30,5
105,tourist,9,Mayo,Light,No,Split,30,7
105,tourist,10,Butter,Light,Yes,Regular,18,4
105,tourist,11,Mayo,Heavy,No,Regular,24,6
105,tourist,12,Butter,Heavy,Yes,Split,30,5
106,tourist,1,Mayo,Light,No,Regular,18,6
106,tourist,2,Butter,Light,No,Split,18,4
106,tourist,3,Mayo,Heavy,No,Split,18,6
106,tourist,4,Butter,Heavy,No,Regular,24,7
106,tourist,5,Mayo,Light,Yes,Split,24,6
106,tourist,6,Butter,Light,Yes,Regular,24,7
106,tourist,7,Mayo,Heavy,Yes,Regular,30,5
106,tourist,8,Butter,Heavy,Yes,Split,30,5
106,tourist,9,Mayo,Light,No,Split,30,7
106,tourist,10,Butter,Light,Yes,Regular,18,5
106,tourist,11,Mayo,Heavy,No,Regular,24,7
106,tourist,12,Butter,Heavy,Yes,Split,30,6
107,tourist,1,Mayo,Light,No,Regular,18,6
107,tourist,2,Butter,Light,No,Split,18,6
107,tourist,3,Mayo,Heavy,No,Split,18,8
107,tourist,4,Butter,Heavy,No,Regular,24,5
107,tourist,5,Mayo,Light,Yes,Split,24,9
107,tourist,6,Butter,Light,Yes,Regular,24,5
107,tourist,7,Mayo,Heavy,Yes,Regular,30,7
107,tourist,8,Butter,Heavy,Yes,Split,30,8
107,tourist,9,Mayo,Light,No,Split,30,5
107,tourist,10,Butter,Light,Yes,Regular,18,5
107,tourist,11,Mayo,Heavy,No,Regular,24,7
107,tourist,12,Butter,Heavy,Yes,Split,30,8
108,tourist,1,Mayo,Light,No,Regular,18,4
108,tourist,2,Butter,Light,No,Split,18,4
108,tourist,3,Mayo,Heavy,No,Split,18,5
108,tourist,4,Butter,Heavy,No,Regular,24,5
108,tourist,5,Mayo,Light,Yes,Split,24,6
108,tourist,6,Butter,Light,Yes,Regular,24,6
108,tourist,7,Mayo,Heavy,Yes,Regular,30,6
108,tourist,8,Butter,Heavy,Yes,Split,30,6
108,tourist,9,Mayo,Light,No,Split,30,4
108,tourist,10,Butter,Light,Yes,Regular,18,6
108,tourist,11,Mayo,Heavy,No,Regular,24,6
108,tourist,12,Butter,Heavy,Yes,Split,30,5
109,tourist,1,Mayo,Light,No,Regular,18,3
109,tourist,2,Butter,Light,No,Split,18,6
109,tourist,3,Mayo,Heavy,No,Split,18,6
109,tourist,4,Butter,Heavy,No,Regular,24,5
109,tourist,5,Mayo,Light,Yes,Split,24,5
109,tourist,6,Butter,Light,Yes,Regular,24,6
109,tourist,7,Mayo,Heavy,Yes,Regular,30,5
109,tourist,8,Butter,Heavy,Yes,Split,30,6
109,tourist,9,Mayo,Light,No,Split,30,3
109,tourist,10,Butter,Light,Yes,Regular,18,5
109,tourist,11,Mayo,Heavy,No,Regular,24,4
109,tourist,12,Butter,Heavy,Yes,Split,30,7
110,tourist,1,Mayo,Light,No,Regular,18,4
110,tourist,2,Butter,Light,No,Split,18,4
110,tourist,3,Mayo,Heavy,No,Split,18,3
110,tourist,4,Butter,Heavy,No,Regular,24,4
110,tourist,5,Mayo,Light,Yes,Split,24,7
110,tourist,6,Butter,Light,Yes,Regular,24,6
110,tourist,7,Mayo,Heavy,Yes,Regular,30,5
110,tourist,8,Butter,Heavy,Yes,Split,30,6
110,tourist,9,Mayo,Light,No,Split,30,5
110,tourist,10,Butter,Light,Yes,Regular,18,6
110,tourist,11,Mayo,Heavy,No,Regular,24,5
110,tourist,12,Butter,Heavy,Yes,Split,30,6
111,tourist,1,Mayo,Light,No,Regular,18,5
111,tourist,2,Butter,Light,No,Split,18,5
111,tourist,3,Mayo,Heavy,No,Split,18,6
111,tourist,4,Butter,Heavy,No,Regular,24,8
111,tourist,5,Mayo,Light,Yes,Split,24,6
111,tourist,6,Butter,Light,Yes,Regular,24,7
111,tourist,7,Mayo,Heavy,Yes,Regular,30,9
111,tourist,8,Butter,Heavy,Yes,Split,30,6
111,tourist,9,Mayo,Light,No,Split,30,4
111,tourist,10,Butter,Light,Yes,Regular,18,7
111,tourist,11,Mayo,Heavy,No,Regular,24,6
111,tourist,12,Butter,Heavy,Yes,Split,30,5
112,tourist,1,Mayo,Light,No,Regular,18,3
112,tourist,2,Butter,Light,No,Split,18,5
112,tourist,3,Mayo,Heavy,No,Split,18,6
112,tourist,4,Butter,Heavy,No,Regular,24,5
112,tourist,5,Mayo,Light,Yes,Split,24,3
112,tourist,6,Butter,Light,Yes,Regular,24,7
112,tourist,7,Mayo,Heavy,Yes,Regular,30,7
112,tourist,8,Butter,Heavy,Yes,Split,30,7
112,tourist,9,Mayo,Light,No,Split,30,4
112,tourist,10,Butter,Light,Yes,Regular,18,5
112,tourist,11,Mayo,Heavy,No,Regular,24,5
112,tourist,12,Butter,Heavy,Yes,Split,30,7
113,tourist,1,Mayo,Light,No,Regular,18,6
113,tourist,2,Butter,Light,No,Split,18,5
113,tourist,3,Mayo,Heavy,No,Split,18,4
113,tourist,4,Butter,Heavy,No,Regular,24,5
113,tourist,5,Mayo,Light,Yes,Split,24,5
113,tourist,6,Butter,Light,Yes,Regular,24,6
113,tourist,7,Mayo,Heavy,Yes,Regular,30,6
113,tourist,8,Butter,Heavy,Yes,Split,30,6
113,tourist,9,Mayo,Light,No,Split,30,4
113,tourist,10,Butter,Light,Yes,Regular,18,6
113,tourist,11,Mayo,Heavy,No,Regular,24,3
113,tourist,12,Butter,Heavy,Yes,Split,30,8
114,tourist,1,Mayo,Light,No,Regular,18,7
114,tourist,2,Butter,Light,No,Split,18,5
114,tourist,3,Mayo,Heavy,No,Split,18,6
114,tourist,4,Butter,Heavy,No,Regular,24,5
114,tourist,5,Mayo,Light,Yes,Split,24,8
114,tourist,6,Butter,Light,Yes,Regular,24,7
114,tourist,7,Mayo,Heavy,Yes,Regular,30,7
114,tourist,8,Butter,Heavy,Yes,Split,30,7
114,tourist,9,Mayo,Light,No,Split,30,5
114,tourist,10,Butter,Light,Yes,Regular,18,7
114,tourist,11,Mayo,Heavy,No,Regular,24,3
114,tourist,12,Butter,Heavy,Yes,Split,30,8
115,tourist,1,Mayo,Light,No,Regular,18,4
115,tourist,2,Butter,Light,No,Split,18,5
115,tourist,3,Mayo,Heavy,No,Split,18,6
115,tourist,4,Butter,Heavy,No,Regular,24,6
115,tourist,5,Mayo,Light,Yes,Split,24,4
115,tourist,6,Butter,Light,Yes,Regular,24,6
115,tourist,7,Mayo,Heavy,Yes,Regular,30,5
115,tourist,8,Butter,Heavy,Yes,Split,30,7
115,tourist,9,Mayo,Light,No,Split,30,4
115,tourist,10,Butter,Light,Yes,Regular,18,5
115,tourist,11,Mayo,Heavy,No,Regular,24,6
115,tourist,12,Butter,Heavy,Yes,Split,30,6
116,tourist,1,Mayo,Light,No,Regular,18,6
116,tourist,2,Butter,Light,No,Split,18,7
116,tourist,3,Mayo,Heavy,No,Split,18,7
116,tourist,4,Butter,Heavy,No,Regular,24,8
116,tourist,5,Mayo,Light,Yes,Split,24,7
116,tourist,6,Butter,Light,Yes,Regular,24,8
116,tourist,7,Mayo,Heavy,Yes,Regular,30,7
116,tourist,8,Butter,Heavy,Yes,Split,30,7
116,tourist,9,Mayo,Light,No,Split,30,4
116,tourist,10,Butter,Light,Yes,Regular,18,6
116,tourist,11,Mayo,Heavy,No,Regular,24,7
116,tourist,12,Butter,Heavy,Yes,Split,30,8
117,tourist,1,Mayo,Light,No,Regular,18,6
117,tourist,2,Butter,Light,No,Split,18,4
117,tourist,3,Mayo,Heavy,No,Split,18,3
117,tourist,4,Butter,Heavy,No,Regular,24,4
117,tourist,5,Mayo,Light,Yes,Split,24,5
117,tourist,6,Butter,Light,Yes,Regular,24,6
117,tourist,7,Mayo,Heavy,Yes,Regular,30,4
117,tourist,8,Butter,Heavy,Yes,Split,30,6
117,tourist,9,Mayo,Light,No,Split,30,5
117,tourist,10,Butter,Light,Yes,Regular,18,5
117,tourist,11,Mayo,Heavy,No,Regular,24,5
117,tourist,12,Butter,Heavy,Yes,Split,30,4
118,tourist,1,Mayo,Light,No,Regular,18,5
118,tourist,2,Butter,Light,No,Split,18,8
118,tourist,3,Mayo,Heavy,No,Split,18,6
118,tourist,4,Butter,Heavy,No,Regular,24,6
118,tourist,5,Mayo,Light,Yes,Split,24,5
118,tourist,6,Butter,Light,Yes,Regular,24,6
118,tourist,7,Mayo,Heavy,Yes,Regular,30,7
118,tourist,8,Butter,Heavy,Yes,Split,30,8
118,tourist,9,Mayo,Light,No,Split,30,6
118,tourist,10,Butter,Light,Yes,Regular,18,8
118,tourist,11,Mayo,Heavy,No,Regular,24,6
118,tourist,12,Butter,Heavy,Yes,Split,30,7
119,tourist,1,Mayo,Light,No,Regular,18,4
119,tourist,2,Butter,Light,No,Split,18,5
119,tourist,3,Mayo,Heavy,No,Split,18,4
119,tourist,4,Butter,Heavy,No,Regular,24,5
119,tourist,5,Mayo,Light,Yes,Split,24,4
119,tourist,6,Butter,Light,Yes,Regular,24,5
119,tourist,7,Mayo,Heavy,Yes,Regular,30,6
119,tourist,8,Butter,Heavy,Yes,Split,30,6
119,tourist,9,Mayo,Light,No,Split,30,4
119,tourist,10,Butter,Light,Yes,Regular,18,6
119,tourist,11,Mayo,Heavy,No,Regular,24,4
119,tourist,12,Butter,Heavy,Yes,Split,30,7
120,tourist,1,Mayo,Light,No,Regular,18,6
120,tourist,2,Butter,Light,No,Split,18,6
120,tourist,3,Mayo,Heavy,No,Split,18,6
120,tourist,4,Butter,Heavy,No,Regular,24,7
120,tourist,5,Mayo,Light,Yes,Split,24,6
120,tourist,6,Butter,Light,Yes,Regular,24,7
120,tourist,7,Mayo,Heavy,Yes,Regular,30,7
120,tourist,8,Butter,Heavy,Yes,Split,30,8
120,tourist,9,Mayo,Light,No,Split,30,3
120,tourist,10,Butter,Light,Yes,Regular,18,7
120,tourist,11,Mayo,Heavy,No,Regular,24,6
120,tourist,12,Butter,Heavy,Yes,Split,30,6
121,tourist,1,Mayo,Light,No,Regular,18,4
121,tourist,2,Butter,Light,No,Split,18,5
121,tourist,3,Mayo,Heavy,No,Split,18,7
121,tourist,4,Butter,Heavy,No,Regular,24,6
121,tourist,5,Mayo,Light,Yes,Split,24,5
121,tourist,6,Butter,Light,Yes,Regular,24,5
121,tourist,7,Mayo,Heavy,Yes,Regular,30,4
121,tourist,8,Butter,Heavy,Yes,Split,30,8
121,tourist,9,Mayo,Light,No,Split,30,5
121,tourist,10,Butter,Light,Yes,Regular,18,6
121,tourist,11,Mayo,Heavy,No,Regular,24,5
121,tourist,12,Butter,Heavy,Yes,Split,30,6
122,tourist,1,Mayo,Light,No,Regular,18,4
122,tourist,2,Butter,Light,No,Split,18,6
122,tourist,3,Mayo,Heavy,No,Split,18,8
122,tourist,4,Butter,Heavy,No,Regular,24,6
122,tourist,5,Mayo,Light,Yes,Split,24,7
122,tourist,6,Butter,Light,Yes,Regular,24,5
122,tourist,7,Mayo,Heavy,Yes,Regular,30,5
122,tourist,8,Butter,Heavy,Yes,Split,30,7
122,tourist,9,Mayo,Light,No,Split,30,5
122,tourist,10,Butter,Light,Yes,Regular,18,7
122,tourist,11,Mayo,Heavy,No,Regular,24,6
122,tourist,12,Butter,Heavy,Yes,Split,30,8
123,tourist,1,Mayo,Light,No,Regular,18,6
123,tourist,2,Butter,Light,No,Split,18,6
123,tourist,3,Mayo,Heavy,No,Split,18,7
123,tourist,4,Butter,Heavy,No,Regular,24,7
123,tourist,5,Mayo,Light,Yes,Split,24,6
123,tourist,6,Butter,Light,Yes,Regular,24,7
123,tourist,7,Mayo,Heavy,Yes,Regular,30,9
123,tourist,8,Butter,Heavy,Yes,Split,30,6
123,tourist,9,Mayo,Light,No,Split,30,4
123,tourist,10,Butter,Light,Yes,Regular,18,9
123,tourist,11,Mayo,Heavy,No,Regular,24,6
123,tourist,12,Butter,Heavy,Yes,Split,30,7
124,tourist,1,Mayo,Light,No,Regular,18,6
124,tourist,2,Butter,Light,No,Split,18,6
124,tourist,3,Mayo,Heavy,No,Split,18,7
124,tourist,4,Butter,Heavy,No,Regular,24,9
124,tourist,5,Mayo,Light,Yes,Split,24,6
124,tourist,6,Butter,Light,Yes,Regular,24,6
124,tourist,7,Mayo,Heavy,Yes,Regular,30,6
124,tourist,8,Butter,Heavy,Yes,Split,30,6
124,tourist,9,Mayo,Light,No,Split,30,6
124,tourist,10,Butter,Light,Yes,Regular,18,8
124,tourist,11,Mayo,Heavy,No,Regular,24,6
124,tourist,12,Butter,Heavy,Yes,Split,30,7
125,tourist,1,Mayo,Light,No,Regular,18,5
125,tourist,2,Butter,Light,No,Split,18,7
125,tourist,3,Mayo,Heavy,No,Split,18,5
125,tourist,4,Butter,Heavy,No,Regular,24,4
125,tourist,5,Mayo,Light,Yes,Split,24,5
125,tourist,6,Butter,Light,Yes,Regular,24,4
125,tourist,7,Mayo,Heavy,Yes,Regular,30,6
125,tourist,8,Butter,Heavy,Yes,Split,30,8
125,tourist,9,Mayo,Light,No,Split,30,4
125,tourist,10,Butter,Light,Yes,Regular,18,5
125,tourist,11,Mayo,Heavy,No,Regular,24,5
125,tourist,12,Butter,Heavy,Yes,Split,30,8
126,tourist,1,Mayo,Light,No,Regular,18,5
126,tourist,2,Butter,Light,No,Split,18,6
126,tourist,3,Mayo,Heavy,No,Split,18,8
126,tourist,4,Butter,Heavy,No,Regular,24,8
126,tourist,5,Mayo,Light,Yes,Split,24,7
126,tourist,6,Butter,Light,Yes,Regular,24,7
126,tourist,7,Mayo,Heavy,Yes,Regular,30,8
126,tourist,8,Butter,Heavy,Yes,Split,30,9
126,tourist,9,Mayo,Light,No,Split,30,5
126,tourist,10,Butter,Light,Yes,Regular,18,8
126,tourist,11,Mayo,Heavy,No,Regular,24,7
126,tourist,12,Butter,Heavy,Yes,Split,30,8
127,tourist,1,Mayo,Light,No,Regular,18,7
127,tourist,2,Butter,Light,No,Split,18,5
127,tourist,3,Mayo,Heavy,No,Split,18,7
127,tourist,4,Butter,Heavy,No,Regular,24,6
127,tourist,5,Mayo,Light,Yes,Split,24,5
127,tourist,6,Butter,Light,Yes,Regular,24,7
127,tourist,7,Mayo,Heavy,Yes,Regular,30,6
127,tourist,8,Butter,Heavy,Yes,Split,30,5
127,tourist,9,Mayo,Light,No,Split,30,4
127,tourist,10,Butter,Light,Yes,Regular,18,8
127,tourist,11,Mayo,Heavy,No,Regular,24,6
127,tourist,12,Butter,Heavy,Yes,Split,30,7
128,tourist,1,Mayo,Light,No,Regular,18,7
128,tourist,2,Butter,Light,No,Split,18,7
128,tourist,3,Mayo,Heavy,No,Split,18,5
128,tourist,4,Butter,Heavy,No,Regular,24,3
128,tourist,5,Mayo,Light,Yes,Split,24,5
128,tourist,6,Butter,Light,Yes,Regular,24,6
128,tourist,7,Mayo,Heavy,Yes,Regular,30,7
128,tourist,8,Butter,Heavy,Yes,Split,30,5
128,tourist,9,Mayo,Light,No,Split,30,6
128,tourist,10,Butter,Light,Yes,Regular,18,8
128,tourist,11,Mayo,Heavy,No,Regular,24,6
128,tourist,12,Butter,Heavy,Yes,Split,30,5
129,tourist,1,Mayo,Light,No,Regular,18,7
129,tourist,2,Butter,Light,No,Split,18,7
129,tourist,3,Mayo,Heavy,No,Split,18,6
129,tourist,4,Butter,Heavy,No,Regular,24,6
129,tourist,5,Mayo,Light,Yes,Split,24,5
129,tourist,6,Butter,Light,Yes,Regular,24,7
129,tourist,7,Mayo,Heavy,Yes,Regular,30,8
129,tourist,8,Butter,Heavy,Yes,Split,30,8
129,tourist,9,Mayo,Light,No,Split,30,6
129,tourist,10,Butter,Light,Yes,Regular,18,8
129,tourist,11,Mayo,Heavy,No,Regular,24,6
129,tourist,12,Butter,Heavy,Yes,Split,30,8
130,tourist,1,Mayo,Light,No,Regular,18,4
130,tourist,2,Butter,Light,No,Split,18,6
130,tourist,3,Mayo,Heavy,No,Split,18,5
130,tourist,4,Butter,Heavy,No,Regular,24,5
130,tourist,5,Mayo,Light,Yes,Split,24,7
130,tourist,6,Butter,Light,Yes,Regular,24,6
130,tourist,7,Mayo,Heavy,Yes,Regular,30,5
130,tourist,8,Butter,Heavy,Yes,Split,30,4
130,tourist,9,Mayo,Light,No,Split,30,5
130,tourist,10,Butter,Light,Yes,Regular,18,6
130,tourist,11,Mayo,Heavy,No,Regular,24,4
130,tourist,12,Butter,Heavy,Yes,Split,30,5
131,tourist,1,Mayo,Light,No,Regular,18,3
131,tourist,2,Butter,Light,No,Split,18,3
131,tourist,3,Mayo,Heavy,No,Split,18,4
131,tourist,4,Butter,Heavy,No,Regular,24,4
131,tourist,5,Mayo,Light,Yes,Split,24,5
131,tourist,6,Butter,Light,Yes,Regular,24,4
131,tourist,7,Mayo,Heavy,Yes,Regular,30,6
131,tourist,8,Butter,Heavy,Yes,Split,30,4
131,tourist,9,Mayo,Light,No,Split,30,4
131,tourist,10,Butter,Light,Yes,Regular,18,5
131,tourist,11,Mayo,Heavy,No,Regular,24,2
131,tourist,12,Butter,Heavy,Yes,Split,30,5
132,tourist,1,Mayo,Light,No,Regular,18,4
132,tourist,2,Butter,Light,No,Split,18,4
132,tourist,3,Mayo,Heavy,No,Split,18,5
132,tourist,4,Butter,Heavy,No,Regular,24,3
132,tourist,5,Mayo,Light,Yes,Split,24,7
132,tourist,6,Butter,Light,Yes,Regular,24,5
132,tourist,7,Mayo,Heavy,Yes,Regular,30,5
132,tourist,8,Butter,Heavy,Yes,Split,30,5
132,tourist,9,Mayo,Light,No,Split,30,6
132,tourist,10,Butter,Light,Yes,Regular,18,4
132,tourist,11,Mayo,Heavy,No,Regular,24,4
132,tourist,12,Butter,Heavy,Yes,Split,30,7
133,tourist,1,Mayo,Light,No,Regular,18,4
133,tourist,2,Butter,Light,No,Split,18,6
133,tourist,3,Mayo,Heavy,No,Split,18,6
133,tourist,4,Butter,Heavy,No,Regular,24,5
133,tourist,5,Mayo,Light,Yes,Split,24,4
133,tourist,6,Butter,Light,Yes,Regular,24,7
133,tourist,7,Mayo,Heavy,Yes,Regular,30,6
133,tourist,8,Butter,Heavy,Yes,Split,30,7
133,tourist,9,Mayo,Light,No,Split,30,5
133,tourist,10,Butter,Light,Yes,Regular,18,5
133,tourist,11,Mayo,Heavy,No,Regular,24,5
133,tourist,12,Butter,Heavy,Yes,Split,30,7
134,tourist,1,Mayo,Light,No,Regular,18,6
134,tourist,2,Butter,Light,No,Split,18,4
134,tourist,3,Mayo,Heavy,No,Split,18,4
134,tourist,4,Butter,Heavy,No,Regular,24,5
134,tourist,5,Mayo,Light,Yes,Split,24,5
134,tourist,6,Butter,Light,Yes,Regular,24,6
134,tourist,7,Mayo,Heavy,Yes,Regular,30,6
134,tourist,8,Butter,Heavy,Yes,Split,30,6
134,tourist,9,Mayo,Light,No,Split,30,5
134,tourist,10,Butter,Light,Yes,Regular,18,4
134,tourist,11,Mayo,Heavy,No,Regular,24,5
134,tourist,12,Butter,Heavy,Yes,Split,30,5
135,tourist,1,Mayo,Light,No,Regular,18,6
135,tourist,2,Butter,Light,No,Split,18,7
135,tourist,3,Mayo,Heavy,No,Split,18,6
135,tourist,4,Butter,Heavy,No,Regular,24,6
135,tourist,5,Mayo,Light,Yes,Split,24,7
135,tourist,6,Butter,Light,Yes,Regular,24,6
135,tourist,7,Mayo,Heavy,Yes,Regular,30,6
135,tourist,8,Butter,Heavy,Yes,Split,30,7
135,tourist,9,Mayo,Light,No,Split,30,5
135,tourist,10,Butter,Light,Yes,Regular,18,7
135,tourist,11,Mayo,Heavy,No,Regular,24,4
135,tourist,12,Butter,Heavy,Yes,Split,30,5
136,tourist,1,Mayo,Light,No,Regular,18,5
136,tourist,2,Butter,Light,No,Split,18,5
136,tourist,3,Mayo,Heavy,No,Split,18,5
136,tourist,4,Butter,Heavy,No,Regular,24,6
136,tourist,5,Mayo,Light,Yes,Split,24,6
136,tourist,6,Butter,Light,Yes,Regular,24,6
136,tourist,7,Mayo,Heavy,Yes,Regular,30,6
136,tourist,8,Butter,Heavy,Yes,Split,30,8
136,tourist,9,Mayo,Light,No,Split,30,4
136,tourist,10,Butter,Light,Yes,Regular,18,6
136,tourist,11,Mayo,Heavy,No,Regular,24,5
136,tourist,12,Butter,Heavy,Yes,Split,30,6
137,tourist,1,Mayo,Light,No,Regular,18,6
137,tourist,2,Butter,Light,No,Split,18,8
137,tourist,3,Mayo,Heavy,No,Split,18,7
137,tourist,4,Butter,Heavy,No,Regular,24,5
137,tourist,5,Mayo,Light,Yes,Split,24,7
137,tourist,6,Butter,Light,Yes,Regular,24,7
137,tourist,7,Mayo,Heavy,Yes,Regular,30,8
137,tourist,8,Butter,Heavy,Yes,Split,30,7
137,tourist,9,Mayo,Light,No,Split,30,9
137,tourist,10,Butter,Light,Yes,Regular,18,9
137,tourist,11,Mayo,Heavy,No,Regular,24,6
137,tourist,12,Butter,Heavy,Yes,Split,30,8
138,tourist,1,Mayo,Light,No,Regular,18,7
138,tourist,2,Butter,Light,No,Split,18,6
138,tourist,3,Mayo,Heavy,No,Split,18,7
138,tourist,4,Butter,Heavy,No,Regular,24,6
138,tourist,5,Mayo,Light,Yes,Split,24,6
138,tourist,6,Butter,Light,Yes,Regular,24,6
138,tourist,7,Mayo,Heavy,Yes,Regular,30,7
138,tourist,8,Butter,Heavy,Yes,Split,30,8
138,tourist,9,Mayo,Light,No,Split,30,5
138,tourist,10,Butter,Light,Yes,Regular,18,6
138,tourist,11,Mayo,Heavy,No,Regular,24,5
138,tourist,12,Butter,Heavy,Yes,Split,30,8
139,tourist,1,Mayo,Light,No,Regular,18,6
139,tourist,2,Butter,Light,No,Split,18,5
139,tourist,3,Mayo,Heavy,No,Split,18,6
139,tourist,4,Butter,Heavy,No,Regular,24,6
139,tourist,5,Mayo,Light,Yes,Split,24,7
139,tourist,6,Butter,Light,Yes,Regular,24,7
139,tourist,7,Mayo,Heavy,Yes,Regular,30,8
139,tourist,8,Butter,Heavy,Yes,Split,30,8
139,tourist,9,Mayo,Light,No,Split,30,6
139,tourist,10,Butter,Light,Yes,Regular,18,7
139,tourist,11,Mayo,Heavy,No,Regular,24,6
139,tourist,12,Butter,Heavy,Yes,Split,30,7
140,tourist,1,Mayo,Light,No,Regular,18,6
140,tourist,2,Butter,Light,No,Split,18,4
140,tourist,3,Mayo,Heavy,No,Split,18,7
140,tourist,4,Butter,Heavy,No,Regular,24,5
140,tourist,5,Mayo,Light,Yes,Split,24,6
140,tourist,6,Butter,Light,Yes,Regular,24,8
140,tourist,7,Mayo,Heavy,Yes,Regular,30,7
140,tourist,8,Butter,Heavy,Yes,Split,30,7
140,tourist,9,Mayo,Light,No,Split,30,5
140,tourist,10,Butter,Light,Yes,Regular,18,8
140,tourist,11,Mayo,Heavy,No,Regular,24,6
140,tourist,12,Butter,Heavy,Yes,Split,30,6
141,tourist,1,Mayo,Light,No,Regular,18,6
141,tourist,2,Butter,Light,No,Split,18,7
141,tourist,3,Mayo,Heavy,No,Split,18,5
141,tourist,4,Butter,Heavy,No,Regular,24,6
141,tourist,5,Mayo,Light,Yes,Split,24,7
141,tourist,6,Butter,Light,Yes,Regular,24,6
141,tourist,7,Mayo,Heavy,Yes,Regular,30,6
141,tourist,8,Butter,Heavy,Yes,Split,30,8
141,tourist,9,Mayo,Light,No,Split,30,6
141,tourist,10,Butter,Light,Yes,Regular,18,8
141,tourist,11,Mayo,Heavy,No,Regular,24,6
141,tourist,12,Butter,Heavy,Yes,Split,30,7
142,tourist,1,Mayo,Light,No,Regular,18,5
142,tourist,2,Butter,Light,No,Split,18,5
142,tourist,3,Mayo,Heavy,No,Split,18,7
142,tourist,4,Butter,Heavy,No,Regular,24,6
142,tourist,5,Mayo,Light,Yes,Split,24,6
142,tourist,6,Butter,Light,Yes,Regular,24,6
142,tourist,7,Mayo,Heavy,Yes,Regular,30,6
142,tourist,8,Butter,Heavy,Yes,Split,30,6
142,tourist,9,Mayo,Light,No,Split,30,5
142,tourist,10,Butter,Light,Yes,Regular,18,5
142,tourist,11,Mayo,Heavy,No,Regular,24,5
142,tourist,12,Butter,Heavy,Yes,Split,30,6
143,tourist,1,Mayo,Light,No,Regular,18,6
143,tourist,2,Butter,Light,No,Split,18,3
143,tourist,3,Mayo,Heavy,No,Split,18,6
143,tourist,4,Butter,Heavy,No,Regular,24,6
143,tourist,5,Mayo,Light,Yes,Split,24,7
143,tourist,6,Butter,Light,Yes,Regular,24,5
143,tourist,7,Mayo,Heavy,Yes,Regular,30,6
143,tourist,8,Butter,Heavy,Yes,Split,30,6
143,tourist,9,Mayo,Light,No,Split,30,3
143,tourist,10,Butter,Light,Yes,Regular,18,5
143,tourist,11,Mayo,Heavy,No,Regular,24,5
143,tourist,12,Butter,Heavy,Yes,Split,30,5
144,tourist,1,Mayo,Light,No,Regular,18,6
144,tourist,2,Butter,Light,No,Split,18,6
144,tourist,3,Mayo,Heavy,No,Split,18,6
144,tourist,4,Butter,Heavy,No,Regular,24,7
144,tourist,5,Mayo,Light,Yes,Split,24,6
144,tourist,6,Butter,Light,Yes,Regular,24,6
144,tourist,7,Mayo,Heavy,Yes,Regular,30,6
144,tourist,8,Butter,Heavy,Yes,Split,30,8
144,tourist,9,Mayo,Light,No,Split,30,6
144,tourist,10,Butter,Light,Yes,Regular,18,7
144,tourist,11,Mayo,Heavy,No,Regular,24,5
144,tourist,12,Butter,Heavy,Yes,Split,30,8
145,tourist,1,Mayo,Light,No,Regular,18,5
145,tourist,2,Butter,Light,No,Split,18,4
145,tourist,3,Mayo,Heavy,No,Split,18,7
145,tourist,4,Butter,Heavy,No,Regular,24,6
145,tourist,5,Mayo,Light,Yes,Split,24,9
145,tourist,6,Butter,Light,Yes,Regular,24,5
145,tourist,7,Mayo,Heavy,Yes,Regular,30,6
145,tourist,8,Butter,Heavy,Yes,Split,30,6
145,tourist,9,Mayo,Light,No,Split,30,5
145,tourist,10,Butter,Light,Yes,Regular,18,6
145,tourist,11,Mayo,Heavy,No,Regular,24,6
145,tourist,12,Butter,Heavy,Yes,Split,30,7
146,tourist,1,Mayo,Light,No,Regular,18,6
146,tourist,2,Butter,Light,No,Split,18,6
146,tourist,3,Mayo,Heavy,No,Split,18,7
146,tourist,4,Butter,Heavy,No,Regular,24,5
146,tourist,5,Mayo,Light,Yes,Split,24,4
146,tourist,6,Butter,Light,Yes,Regular,24,6
146,tourist,7,Mayo,Heavy,Yes,Regular,30,6
146,tourist,8,Butter,Heavy,Yes,Split,30,5
146,tourist,9,Mayo,Light,No,Split,30,5
146,tourist,10,Butter,Light,Yes,Regular,18,6
146,tourist,11,Mayo,Heavy,No,Regular,24,6
146,tourist,12,Butter,Heavy,Yes,Split,30,5
147,tourist,1,Mayo,Light,No,Regular,18,5
147,tourist,2,Butter,Light,No,Split,18,7
147,tourist,3,Mayo,Heavy,No,Split,18,6
147,tourist,4,Butter,Heavy,No,Regular,24,5
147,tourist,5,Mayo,Light,Yes,Split,24,9
147,tourist,6,Butter,Light,Yes,Regular,24,7
147,tourist,7,Mayo,Heavy,Yes,Regular,30,7
147,tourist,8,Butter,Heavy,Yes,Split,30,9
147,tourist,9,Mayo,Light,No,Split,30,5
147,tourist,10,Butter,Light,Yes,Regular,18,6
147,tourist,11,Mayo,Heavy,No,Regular,24,6
147,tourist,12,Butter,Heavy,Yes,Split,30,7
148,tourist,1,Mayo,Light,No,Regular,18,6
148,tourist,2,Butter,Light,No,Split,18,5
148,tourist,3,Mayo,Heavy,No,Split,18,5
148,tourist,4,Butter,Heavy,No,Regular,24,6
148,tourist,5,Mayo,Light,Yes,Split,24,7
148,tourist,6,Butter,Light,Yes,Regular,24,7
148,tourist,7,Mayo,Heavy,Yes,Regular,30,7
148,tourist,8,Butter,Heavy,Yes,Split,30,6
148,tourist,9,Mayo,Light,No,Split,30,6
148,tourist,10,Butter,Light,Yes,Regular,18,8
148,tourist,11,Mayo,Heavy,No,Regular,24,8
148,tourist,12,Butter,Heavy,Yes,Split,30,7
149,tourist,1,Mayo,Light,No,Regular,18,5
149,tourist,2,Butter,Light,No,Split,18,5
149,tourist,3,Mayo,Heavy,No,Split,18,6
149,tourist,4,Butter,Heavy,No,Regular,24,8
149,tourist,5,Mayo,Light,Yes,Split,24,6
149,tourist,6,Butter,Light,Yes,Regular,24,8
149,tourist,7,Mayo,Heavy,Yes,Regular,30,7
149,tourist,8,Butter,Heavy,Yes,Split,30,7
149,tourist,9,Mayo,Light,No,Split,30,6
149,tourist,10,Butter,Light,Yes,Regular,18,7
149,tourist,11,Mayo,Heavy,No,Regular,24,5
149,tourist,12,Butter,Heavy,Yes,Split,30,9
150,tourist,1,Mayo,Light,No,Regular,18,5
150,tourist,2,Butter,Light,No,Split,18,5
150,tourist,3,Mayo,Heavy,No,Split,18,6
150,tourist,4,Butter,Heavy,No,Regular,24,5
150,tourist,5,Mayo,Light,Yes,Split,24,7
150,tourist,6,Butter,Light,Yes,Regular,24,6
150,tourist,7,Mayo,Heavy,Yes,Regular,30,7
150,tourist,8,Butter,Heavy,Yes,Split,30,6
150,tourist,9,Mayo,Light,No,Split,30,5
150,tourist,10,Butter,Light,Yes,Regular,18,6
150,tourist,11,Mayo,Heavy,No,Regular,24,6
150,tourist,12,Butter,Heavy,Yes,Split,30,6
